spec_id,base_year,start_month,window_weeks,lag_years,feature_start_date,feature_end_date,target_start_date,target_end_date,n_feature_stores,n_target_stores,n_joined_stores
y2021_m01_w04_lag1y,2021,1,4,1,2021-01-01,2021-01-18,2022-01-01,2022-01-17,37441,40151,31887
y2021_m01_w08_lag1y,2021,1,8,1,2021-01-01,2021-02-15,2022-01-01,2022-02-14,37529,39953,31923
y2021_m01_w12_lag1y,2021,1,12,1,2021-01-01,2021-03-15,2022-01-01,2022-03-14,37800,39858,32159
y2021_m01_w16_lag1y,2021,1,16,1,2021-01-01,2021-04-12,2022-01-01,2022-04-11,37770,39774,32205
y2021_m01_w20_lag1y,2021,1,20,1,2021-01-01,2021-05-10,2022-01-01,2022-05-09,38166,40078,32724
y2021_m01_w30_lag1y,2021,1,30,1,2021-01-01,2021-07-19,2022-01-01,2022-07-18,37979,39861,32893
y2021_m01_w04_lag2y,2021,1,4,2,2021-01-01,2021-01-18,2023-01-01,2023-01-16,37441,39727,27983
y2021_m01_w08_lag2y,2021,1,8,2,2021-01-01,2021-02-15,2023-01-01,2023-02-13,37529,39568,28064
y2021_m01_w12_lag2y,2021,1,12,2,2021-01-01,2021-03-15,2023-01-01,2023-03-13,37800,39309,28212
y2021_m01_w16_lag2y,2021,1,16,2,2021-01-01,2021-04-12,2023-01-01,2023-04-10,37770,39061,28203
y2021_m01_w20_lag2y,2021,1,20,2,2021-01-01,2021-05-10,2023-01-01,2023-05-08,38166,39149,28546
y2021_m01_w30_lag2y,2021,1,30,2,2021-01-01,2021-07-19,2023-01-01,2023-07-17,37979,38614,28487
y2021_m02_w04_lag1y,2021,2,4,1,2021-02-01,2021-02-22,2022-02-07,2022-02-28,38760,40594,32977
y2021_m02_w08_lag1y,2021,2,8,1,2021-02-01,2021-03-22,2022-02-07,2022-03-28,39165,40339,33332
y2021_m02_w12_lag1y,2021,2,12,1,2021-02-01,2021-04-19,2022-02-07,2022-04-25,38726,40223,32961
y2021_m02_w16_lag1y,2021,2,16,1,2021-02-01,2021-05-17,2022-02-07,2022-05-23,38548,40146,33035
y2021_m02_w20_lag1y,2021,2,20,1,2021-02-01,2021-06-14,2022-02-07,2022-06-20,38603,40355,33309
y2021_m02_w30_lag1y,2021,2,30,1,2021-02-01,2021-08-23,2022-02-07,2022-08-29,38243,40000,33134
y2021_m02_w04_lag2y,2021,2,4,2,2021-02-01,2021-02-22,2023-02-06,2023-02-27,38760,40041,28991
y2021_m02_w08_lag2y,2021,2,8,2,2021-02-01,2021-03-22,2023-02-06,2023-03-27,39165,39623,29203
y2021_m02_w12_lag2y,2021,2,12,2,2021-02-01,2021-04-19,2023-02-06,2023-04-24,38726,39364,28777
y2021_m02_w16_lag2y,2021,2,16,2,2021-02-01,2021-05-17,2023-02-06,2023-05-22,38548,39115,28762
y2021_m02_w20_lag2y,2021,2,20,2,2021-02-01,2021-06-14,2023-02-06,2023-06-19,38603,39165,28922
y2021_m02_w30_lag2y,2021,2,30,2,2021-02-01,2021-08-23,2023-02-06,2023-08-28,38243,38510,28599
y2021_m03_w04_lag1y,2021,3,4,1,2021-03-01,2021-03-22,2022-03-07,2022-03-28,40089,40735,34105
y2021_m03_w08_lag1y,2021,3,8,1,2021-03-01,2021-04-19,2022-03-07,2022-04-25,39602,40558,33844
y2021_m03_w12_lag1y,2021,3,12,1,2021-03-01,2021-05-17,2022-03-07,2022-05-23,38909,40421,33318
y2021_m03_w16_lag1y,2021,3,16,1,2021-03-01,2021-06-14,2022-03-07,2022-06-20,38720,40363,33366
y2021_m03_w20_lag1y,2021,3,20,1,2021-03-01,2021-07-12,2022-03-07,2022-07-18,38909,40493,33622
y2021_m03_w30_lag1y,2021,3,30,1,2021-03-01,2021-09-20,2022-03-07,2022-09-26,38315,39963,33278
y2021_m03_w04_lag2y,2021,3,4,2,2021-03-01,2021-03-22,2023-03-06,2023-03-27,40089,39979,29881
y2021_m03_w08_lag2y,2021,3,8,2,2021-03-01,2021-04-19,2023-03-06,2023-04-24,39602,39614,29533
y2021_m03_w12_lag2y,2021,3,12,2,2021-03-01,2021-05-17,2023-03-06,2023-05-22,38909,39288,28953
y2021_m03_w16_lag2y,2021,3,16,2,2021-03-01,2021-06-14,2023-03-06,2023-06-19,38720,39055,28923
y2021_m03_w20_lag2y,2021,3,20,2,2021-03-01,2021-07-12,2023-03-06,2023-07-17,38909,39034,29043
y2021_m04_w04_lag1y,2021,4,4,1,2021-04-05,2021-04-26,2022-04-04,2022-04-25,39641,41036,34083
y2021_m04_w08_lag1y,2021,4,8,1,2021-04-05,2021-05-24,2022-04-04,2022-05-23,39273,40821,33921
y2021_m04_w12_lag1y,2021,4,12,1,2021-04-05,2021-06-21,2022-04-04,2022-06-20,39198,40661,33924
y2021_m04_w16_lag1y,2021,4,16,1,2021-04-05,2021-07-19,2022-04-04,2022-07-18,38928,40411,33724
y2021_m04_w20_lag1y,2021,4,20,1,2021-04-05,2021-08-16,2022-04-04,2022-08-15,38898,40383,33787
y2021_m04_w30_lag1y,2021,4,30,1,2021-04-05,2021-10-25,2022-04-04,2022-10-24,38552,39961,33585
y2021_m04_w04_lag2y,2021,4,4,2,2021-04-05,2021-04-26,2023-04-03,2023-04-24,39641,39897,29653
y2021_m04_w08_lag2y,2021,4,8,2,2021-04-05,2021-05-24,2023-04-03,2023-05-22,39273,39491,29372
y2021_m04_w12_lag2y,2021,4,12,2,2021-04-05,2021-06-21,2023-04-03,2023-06-19,39198,39187,29290
y2021_m04_w16_lag2y,2021,4,16,2,2021-04-05,2021-07-19,2023-04-03,2023-07-17,38928,38869,29086
y2021_m04_w20_lag2y,2021,4,20,2,2021-04-05,2021-08-16,2023-04-03,2023-08-14,38898,38751,29109
y2021_m05_w04_lag1y,2021,5,4,1,2021-05-03,2021-05-24,2022-05-02,2022-05-23,39850,41198,34482
y2021_m05_w08_lag1y,2021,5,8,1,2021-05-03,2021-06-21,2022-05-02,2022-06-20,39493,40869,34228
y2021_m05_w12_lag1y,2021,5,12,1,2021-05-03,2021-07-19,2022-05-02,2022-07-18,39229,40573,33972
y2021_m05_w16_lag1y,2021,5,16,1,2021-05-03,2021-08-16,2022-05-02,2022-08-15,38700,40214,33602
y2021_m05_w20_lag1y,2021,5,20,1,2021-05-03,2021-09-13,2022-05-02,2022-09-12,38801,40311,33780
y2021_m05_w30_lag1y,2021,5,30,1,2021-05-03,2021-11-22,2022-05-02,2022-11-21,38762,40076,33829
y2021_m05_w04_lag2y,2021,5,4,2,2021-05-03,2021-05-24,2023-05-01,2023-05-22,39850,39774,29816
y2021_m05_w08_lag2y,2021,5,8,2,2021-05-03,2021-06-21,2023-05-01,2023-06-19,39493,39322,29506
y2021_m05_w12_lag2y,2021,5,12,2,2021-05-03,2021-07-19,2023-05-01,2023-07-17,39229,38972,29244
y2021_m05_w16_lag2y,2021,5,16,2,2021-05-03,2021-08-16,2023-05-01,2023-08-14,38700,38538,28931
y2021_m06_w04_lag1y,2021,6,4,1,2021-06-07,2021-06-28,2022-06-06,2022-06-27,40011,41169,34683
y2021_m06_w08_lag1y,2021,6,8,1,2021-06-07,2021-07-26,2022-06-06,2022-07-25,39248,40721,34043
y2021_m06_w12_lag1y,2021,6,12,1,2021-06-07,2021-08-23,2022-06-06,2022-08-22,38790,40349,33697
y2021_m06_w16_lag1y,2021,6,16,1,2021-06-07,2021-09-20,2022-06-06,2022-09-19,38780,40254,33695
y2021_m06_w20_lag1y,2021,6,20,1,2021-06-07,2021-10-18,2022-06-06,2022-10-17,39001,40403,34008
y2021_m06_w30_lag1y,2021,6,30,1,2021-06-07,2021-12-27,2022-06-06,2022-12-26,38877,39970,33898
y2021_m06_w04_lag2y,2021,6,4,2,2021-06-07,2021-06-28,2023-06-05,2023-06-26,40011,39495,29874
y2021_m06_w08_lag2y,2021,6,8,2,2021-06-07,2021-07-26,2023-06-05,2023-07-24,39248,38895,29263
y2021_m06_w12_lag2y,2021,6,12,2,2021-06-07,2021-08-23,2023-06-05,2023-08-21,38790,38466,28965
y2021_m07_w04_lag1y,2021,7,4,1,2021-07-05,2021-07-26,2022-07-04,2022-07-25,39444,41000,34284
y2021_m07_w08_lag1y,2021,7,8,1,2021-07-05,2021-08-23,2022-07-04,2022-08-22,38967,40570,33832
y2021_m07_w12_lag1y,2021,7,12,1,2021-07-05,2021-09-20,2022-07-04,2022-09-19,38925,40395,33821
y2021_m07_w16_lag1y,2021,7,16,1,2021-07-05,2021-10-18,2022-07-04,2022-10-17,38836,40290,33815
y2021_m07_w20_lag1y,2021,7,20,1,2021-07-05,2021-11-15,2022-07-04,2022-11-14,39160,40359,34147
y2021_m07_w30_lag1y,2021,7,30,1,2021-07-05,2022-01-17,2022-07-04,2023-01-16,38889,39665,33820
y2021_m07_w04_lag2y,2021,7,4,2,2021-07-05,2021-07-26,2023-07-03,2023-07-24,39444,39056,29467
y2021_m07_w08_lag2y,2021,7,8,2,2021-07-05,2021-08-23,2023-07-03,2023-08-21,38967,38495,28969
y2021_m08_w04_lag1y,2021,8,4,1,2021-08-02,2021-08-23,2022-08-01,2022-08-22,39406,40735,34170
y2021_m08_w08_lag1y,2021,8,8,1,2021-08-02,2021-09-20,2022-08-01,2022-09-19,39138,40536,34056
y2021_m08_w12_lag1y,2021,8,12,1,2021-08-02,2021-10-18,2022-08-01,2022-10-17,39137,40402,34007
y2021_m08_w16_lag1y,2021,8,16,1,2021-08-02,2021-11-15,2022-08-01,2022-11-14,39147,40186,34027
y2021_m08_w20_lag1y,2021,8,20,1,2021-08-02,2021-12-13,2022-08-01,2022-12-12,39423,40198,34333
y2021_m08_w30_lag1y,2021,8,30,1,2021-08-02,2022-02-14,2022-08-01,2023-02-13,38942,39509,33780
y2021_m08_w04_lag2y,2021,8,4,2,2021-08-02,2021-08-23,2023-08-07,2023-08-28,39406,38549,29188
y2021_m09_w04_lag1y,2021,9,4,1,2021-09-06,2021-09-27,2022-09-05,2022-09-26,39963,40946,34798
y2021_m09_w08_lag1y,2021,9,8,1,2021-09-06,2021-10-25,2022-09-05,2022-10-24,39693,40670,34540
y2021_m09_w12_lag1y,2021,9,12,1,2021-09-06,2021-11-22,2022-09-05,2022-11-21,39574,40302,34381
y2021_m09_w16_lag1y,2021,9,16,1,2021-09-06,2021-12-20,2022-09-05,2022-12-19,39423,40058,34210
y2021_m09_w20_lag1y,2021,9,20,1,2021-09-06,2022-01-10,2022-09-05,2023-01-09,39475,39944,34221
y2021_m09_w30_lag1y,2021,9,30,1,2021-09-06,2022-03-21,2022-09-05,2023-03-20,39415,39431,34123
y2021_m10_w04_lag1y,2021,10,4,1,2021-10-04,2021-10-25,2022-10-03,2022-10-24,40141,40930,34936
y2021_m10_w08_lag1y,2021,10,8,1,2021-10-04,2021-11-22,2022-10-03,2022-11-21,39931,40497,34670
y2021_m10_w12_lag1y,2021,10,12,1,2021-10-04,2021-12-20,2022-10-03,2022-12-19,39777,40197,34463
y2021_m10_w16_lag1y,2021,10,16,1,2021-10-04,2022-01-10,2022-10-03,2023-01-09,39578,39769,34221
y2021_m10_w20_lag1y,2021,10,20,1,2021-10-04,2022-02-07,2022-10-03,2023-02-06,39834,39769,34490
y2021_m10_w30_lag1y,2021,10,30,1,2021-10-04,2022-04-18,2022-10-03,2023-04-17,39807,39314,34321
y2021_m11_w04_lag1y,2021,11,4,1,2021-11-01,2021-11-22,2022-11-07,2022-11-28,41027,40742,35513
y2021_m11_w08_lag1y,2021,11,8,1,2021-11-01,2021-12-20,2022-11-07,2022-12-26,40736,40340,35155
y2021_m11_w12_lag1y,2021,11,12,1,2021-11-01,2022-01-10,2022-11-07,2023-01-16,40114,39716,34441
y2021_m11_w16_lag1y,2021,11,16,1,2021-11-01,2022-02-07,2022-11-07,2023-02-13,39845,39520,34271
y2021_m11_w20_lag1y,2021,11,20,1,2021-11-01,2022-03-07,2022-11-07,2023-03-13,40125,39647,34548
y2021_m11_w30_lag1y,2021,11,30,1,2021-11-01,2022-05-16,2022-11-07,2023-05-22,39911,39010,34151
y2021_m12_w04_lag1y,2021,12,4,1,2021-12-06,2021-12-27,2022-12-05,2022-12-26,40915,40553,35410
y2021_m12_w08_lag1y,2021,12,8,1,2021-12-06,2022-01-17,2022-12-05,2023-01-16,40174,39833,34609
y2021_m12_w12_lag1y,2021,12,12,1,2021-12-06,2022-02-14,2022-12-05,2023-02-13,39942,39580,34371
y2021_m12_w16_lag1y,2021,12,16,1,2021-12-06,2022-03-14,2022-12-05,2023-03-13,39774,39273,34132
y2021_m12_w20_lag1y,2021,12,20,1,2021-12-06,2022-04-11,2022-12-05,2023-04-10,40077,39357,34394
y2021_m12_w30_lag1y,2021,12,30,1,2021-12-06,2022-06-20,2022-12-05,2023-06-19,39853,38759,34023
y2022_m01_w04_lag1y,2022,1,4,1,2022-01-01,2022-01-17,2023-01-01,2023-01-16,40151,39727,34458
y2022_m01_w08_lag1y,2022,1,8,1,2022-01-01,2022-02-14,2023-01-01,2023-02-13,39953,39568,34294
y2022_m01_w12_lag1y,2022,1,12,1,2022-01-01,2022-03-14,2023-01-01,2023-03-13,39858,39309,34123
y2022_m01_w16_lag1y,2022,1,16,1,2022-01-01,2022-04-11,2023-01-01,2023-04-10,39774,39061,34006
y2022_m01_w20_lag1y,2022,1,20,1,2022-01-01,2022-05-09,2023-01-01,2023-05-08,40078,39149,34258
y2022_m01_w30_lag1y,2022,1,30,1,2022-01-01,2022-07-18,2023-01-01,2023-07-17,39861,38614,33893
y2022_m02_w04_lag1y,2022,2,4,1,2022-02-07,2022-02-28,2023-02-06,2023-02-27,40594,40041,34861
y2022_m02_w08_lag1y,2022,2,8,1,2022-02-07,2022-03-28,2023-02-06,2023-03-27,40339,39623,34495
y2022_m02_w12_lag1y,2022,2,12,1,2022-02-07,2022-04-25,2023-02-06,2023-04-24,40223,39364,34352
y2022_m02_w16_lag1y,2022,2,16,1,2022-02-07,2022-05-23,2023-02-06,2023-05-22,40146,39115,34206
y2022_m02_w20_lag1y,2022,2,20,1,2022-02-07,2022-06-20,2023-02-06,2023-06-19,40355,39165,34367
y2022_m02_w30_lag1y,2022,2,30,1,2022-02-07,2022-08-29,2023-02-06,2023-08-28,40000,38510,33907
y2022_m03_w04_lag1y,2022,3,4,1,2022-03-07,2022-03-28,2023-03-06,2023-03-27,40735,39979,34889
y2022_m03_w08_lag1y,2022,3,8,1,2022-03-07,2022-04-25,2023-03-06,2023-04-24,40558,39614,34608
y2022_m03_w12_lag1y,2022,3,12,1,2022-03-07,2022-05-23,2023-03-06,2023-05-22,40421,39288,34381
y2022_m03_w16_lag1y,2022,3,16,1,2022-03-07,2022-06-20,2023-03-06,2023-06-19,40363,39055,34238
y2022_m03_w20_lag1y,2022,3,20,1,2022-03-07,2022-07-18,2023-03-06,2023-07-17,40493,39034,34355
y2022_m04_w04_lag1y,2022,4,4,1,2022-04-04,2022-04-25,2023-04-03,2023-04-24,41036,39897,35008
y2022_m04_w08_lag1y,2022,4,8,1,2022-04-04,2022-05-23,2023-04-03,2023-05-22,40821,39491,34653
y2022_m04_w12_lag1y,2022,4,12,1,2022-04-04,2022-06-20,2023-04-03,2023-06-19,40661,39187,34410
y2022_m04_w16_lag1y,2022,4,16,1,2022-04-04,2022-07-18,2023-04-03,2023-07-17,40411,38869,34160
y2022_m04_w20_lag1y,2022,4,20,1,2022-04-04,2022-08-15,2023-04-03,2023-08-14,40383,38751,34132
y2022_m05_w04_lag1y,2022,5,4,1,2022-05-02,2022-05-23,2023-05-01,2023-05-22,41198,39774,34972
y2022_m05_w08_lag1y,2022,5,8,1,2022-05-02,2022-06-20,2023-05-01,2023-06-19,40869,39322,34553
y2022_m05_w12_lag1y,2022,5,12,1,2022-05-02,2022-07-18,2023-05-01,2023-07-17,40573,38972,34248
y2022_m05_w16_lag1y,2022,5,16,1,2022-05-02,2022-08-15,2023-05-01,2023-08-14,40214,38538,33874
y2022_m06_w04_lag1y,2022,6,4,1,2022-06-06,2022-06-27,2023-06-05,2023-06-26,41169,39495,34820
y2022_m06_w08_lag1y,2022,6,8,1,2022-06-06,2022-07-25,2023-06-05,2023-07-24,40721,38895,34297
y2022_m06_w12_lag1y,2022,6,12,1,2022-06-06,2022-08-22,2023-06-05,2023-08-21,40349,38466,33910
y2022_m07_w04_lag1y,2022,7,4,1,2022-07-04,2022-07-25,2023-07-03,2023-07-24,41000,39056,34491
y2022_m07_w08_lag1y,2022,7,8,1,2022-07-04,2022-08-22,2023-07-03,2023-08-21,40570,38495,33973
y2022_m08_w04_lag1y,2022,8,4,1,2022-08-01,2022-08-22,2023-08-07,2023-08-28,40735,38549,33950
