spec_id,base_year,start_month,window_weeks,lag_years,model,n,macro_f1,weighted_f1,auc_ovr,recall_Growth,recall_Stable,recall_Decline,f1_Growth,f1_Stable,f1_Decline,macro_f1_std,weighted_f1_std,auc_ovr_std,recall_Growth_std,recall_Stable_std,recall_Decline_std,f1_Growth_std,f1_Stable_std,f1_Decline_std
y2021_m01_w04_lag1y,2021,1,4,1,balanced_logistic,31887,0.44511319696165286,0.62711093623575,0.7150026394978265,0.6142499950910738,0.4711195928753181,0.5814569058781103,0.7116359111426058,0.44923365794831527,0.17447002179403748,0.00542612319698726,0.003987059275704533,0.007076783882854486,0.00585444174933244,0.007667967534505936,0.05267306605614878,0.005341750819887635,0.0052004806187138895,0.011710280755364327
y2021_m01_w04_lag2y,2021,1,4,2,balanced_logistic,27983,0.431346067151252,0.5445700794315005,0.6681818167010486,0.5359303190448228,0.46651038125456423,0.45271739130434785,0.6159229910531338,0.49252581546936813,0.18558939493125412,0.007133264334863599,0.0038040632581586896,0.009067023436411885,0.007405829465168664,0.01011004810520851,0.04375759453392159,0.004198475479857404,0.007039715479486313,0.015121521818520132
y2021_m01_w08_lag1y,2021,1,8,1,balanced_logistic,31923,0.4240081480197729,0.5467555404527842,0.66574877885337,0.6739562624254474,0.19370197289660376,0.5529085872576177,0.7137869378013472,0.23509505089601984,0.32314245536195185,0.0015432520833759981,0.002417526871188976,0.00408627824179534,0.008671146283483042,0.006857655790413363,0.01483352990082023,0.0054571123224317454,0.006146005321300002,0.0051477663118532
y2021_m01_w08_lag2y,2021,1,8,2,balanced_logistic,28064,0.45931163061453095,0.6077701897253249,0.7168127478355381,0.6097821146503681,0.4902412252433769,0.5837791241810748,0.6773938515875717,0.534197341035216,0.16634369922080514,0.003807317665276709,0.004118559286730901,0.009511749785944138,0.01026658392051482,0.019081246162442934,0.054385318197796226,0.007733422889093392,0.009920129832112158,0.011561072770975525
y2021_m01_w12_lag1y,2021,1,12,1,balanced_logistic,32159,0.4049590294771076,0.5487367056265944,0.6457198994206377,0.6549574277461303,0.21265026240871648,0.5411992263056093,0.7028470683600981,0.2560535248733134,0.2559764951979114,0.006710088063345494,0.007114909093730899,0.006143336988184951,0.0100802521994319,0.008718512976335437,0.02698935045656733,0.00843347078002915,0.007780260565588938,0.009941311042306248
y2021_m01_w12_lag2y,2021,1,12,2,balanced_logistic,28212,0.4334758036667104,0.5895819594359728,0.6874877929753271,0.5836640144595255,0.4687131328073974,0.537770273439332,0.6680157704080022,0.4698493625760987,0.16256227801603024,0.00343865800529505,0.004446183309114489,0.011132532068279242,0.005553577745134659,0.01165199552346882,0.0667697399622713,0.004424546979215946,0.007870586916933596,0.0168890979244378
y2021_m01_w16_lag1y,2021,1,16,1,balanced_logistic,32205,0.4287784117128931,0.6059120223267485,0.6950944212208646,0.6163380468603333,0.41436555467270697,0.5317373805131644,0.7043560441655472,0.39217779879982156,0.18980139217331068,0.009096149065894158,0.008938019612138205,0.012706125445832328,0.011094651616441154,0.020147379429195082,0.0331899903108494,0.009119718017000298,0.015625983401127197,0.01657465351424214
y2021_m01_w16_lag2y,2021,1,16,2,balanced_logistic,28203,0.4260092294796925,0.57577675884916,0.6735770320938671,0.5764656008273591,0.43865037125481443,0.5570793650793651,0.6606457729926063,0.44086331019438807,0.17651860525208302,0.005493299559240716,0.007179377710747942,0.008946228790455984,0.011215768907596303,0.0076239943380039185,0.030379680916652677,0.00846388266877073,0.007106777894050732,0.010852231376975033
y2021_m01_w20_lag1y,2021,1,20,1,balanced_logistic,32724,0.4526393466163137,0.6525157606974202,0.7376472132747102,0.6513225927063214,0.4706018813436955,0.5843609022556391,0.7438833078155316,0.42337245250501016,0.19066227952839948,0.004815694602386759,0.0043960610237679535,0.004308051332081646,0.005739414221617774,0.01251861271452009,0.01572429559713024,0.0038514579059242466,0.008874704757480445,0.007487772065427575
y2021_m01_w20_lag2y,2021,1,20,2,balanced_logistic,28546,0.42844165391520495,0.5537400249363003,0.6595377069657314,0.5859332756538915,0.3974120859543094,0.5081225202926509,0.6515009227204099,0.4331042147105971,0.20071982431460772,0.0046802944253156575,0.004083345445045148,0.008065802056648827,0.004818195689701006,0.012084117510187701,0.023506723716249144,0.003933412599347724,0.010135367525964192,0.005857915781361345
y2021_m01_w30_lag1y,2021,1,30,1,balanced_logistic,32893,0.4644273792385107,0.6227426797097589,0.7317163510462249,0.6120607062698571,0.4970258992707972,0.618840579710145,0.7098866808114234,0.4528741832185824,0.23052127368552616,0.006994745009251023,0.0069603014707886835,0.0041448430653457016,0.008098788080050526,0.013839877594421474,0.02679690157550813,0.0061744938677526125,0.011941582683874973,0.007992531387349676
y2021_m01_w30_lag2y,2021,1,30,2,balanced_logistic,28487,0.4477630588345164,0.5067965570087793,0.662108280753128,0.5499650645332427,0.4146707424074121,0.5291684490245642,0.5790368765361346,0.48175261700865074,0.2824996829587641,0.007909251563505923,0.005138572342836486,0.00796118811097334,0.009554544024243486,0.006917726656565809,0.03660567724590368,0.007268733661889679,0.0022358658741849905,0.016527368831375868
y2021_m02_w04_lag1y,2021,2,4,1,balanced_logistic,32977,0.4534965532439264,0.5550652995441594,0.6869614825944618,0.5125462344726845,0.5774031829888456,0.346162607989626,0.4185957026301268,0.6656442044577047,0.2762497526439477,0.003655848375948887,0.003715281181289282,0.005054926357041633,0.012680936053024216,0.004827100269867479,0.00625800008895031,0.006811388263589739,0.004675950342551129,0.00468114766589299
y2021_m02_w04_lag2y,2021,2,4,2,balanced_logistic,28991,0.4213338281282984,0.5737238747481724,0.6797790594821065,0.38973821989528795,0.6446867867106264,0.27638574423480083,0.31012998548751763,0.7137236172475907,0.2401478816497868,0.00547664336167562,0.0052038640762738135,0.0033946999997541377,0.006597689634355338,0.008493229545848512,0.010549142510264765,0.004398396966234354,0.005228271990453571,0.010428520545270633
y2021_m02_w08_lag1y,2021,2,8,1,balanced_logistic,33332,0.4792376243545095,0.5716342014140607,0.7024969328014538,0.48810725134198885,0.5892073328169378,0.4680884128329609,0.501547411168848,0.662357894660102,0.27380756723457855,0.004994300724122263,0.006451329732905355,0.004463605169044603,0.01402834086485167,0.009848815451980701,0.017813379852079977,0.011843545465336587,0.006329614565266777,0.006793374966379785
y2021_m02_w08_lag2y,2021,2,8,2,balanced_logistic,29203,0.44026470194570805,0.5389213828247809,0.6738460304216346,0.4201405152224824,0.5448287329704109,0.4661873337929676,0.37895057886957206,0.6426943898787834,0.29914913708876867,0.00744790477561947,0.00783144654427884,0.007192258053381324,0.013514321354804229,0.008248407444089117,0.0030352805070365065,0.012724435544223494,0.007353550811269788,0.004437399023402725
y2021_m02_w12_lag1y,2021,2,12,1,balanced_logistic,32961,0.4855352456424534,0.5852578510712005,0.7221480897000647,0.5467029957126227,0.5576758884196616,0.5870324189526184,0.6230631895997357,0.5885670436737528,0.24497550365387158,0.008168431072710916,0.006015845524361681,0.006295270609572522,0.009037001239602327,0.011323796314707204,0.02619047551743866,0.007786835800146916,0.0063374603970978586,0.014658178475351499
y2021_m02_w12_lag2y,2021,2,12,2,balanced_logistic,28777,0.4582368805128758,0.5335884470538594,0.6881239021584968,0.47822445561139026,0.516921940515435,0.49868995633187774,0.4119114971075365,0.6217645589513989,0.34103458547969195,0.004525038990883164,0.0051026507681149035,0.002889882008661727,0.01662431594747003,0.011194218710600922,0.01078784788486502,0.006811032645448899,0.007124584210431773,0.007219494949717336
y2021_m02_w16_lag1y,2021,2,16,1,balanced_logistic,33035,0.48473304893841257,0.5939259017354216,0.7248452841972999,0.5651092054970428,0.5468711022415451,0.6067732761572937,0.6511362753834572,0.5618261357494403,0.24123673568234033,0.006879381868814088,0.006787062308265813,0.003955358218523772,0.008130895536492771,0.015405780231444576,0.016241020090171237,0.006223597261150761,0.011841451500112888,0.010727933397705499
y2021_m02_w16_lag2y,2021,2,16,2,balanced_logistic,28762,0.45279630111743535,0.513328721177815,0.6779937396199571,0.5093571886307123,0.48990411601821,0.4735241502683363,0.4035068521709717,0.5932804756909851,0.36160157549034944,0.005914832604334631,0.005285858980391595,0.006019902687223704,0.01597748937895817,0.0081380689974585,0.022042448613257215,0.0070628968685093885,0.006523490510532174,0.013459231803956147
y2021_m02_w20_lag1y,2021,2,20,1,balanced_logistic,33309,0.49441015539642663,0.5923022592723409,0.7270906237123803,0.5788248651717287,0.5355432780847146,0.6040612873009501,0.6517150453184788,0.5662588411675511,0.26525657970325006,0.0034336550845504204,0.0022108286973068613,0.008508143558693233,0.007279495430392196,0.010801383645388697,0.02003805727604916,0.004608536647670571,0.006552685696700815,0.008488016899186726
y2021_m02_w20_lag2y,2021,2,20,2,balanced_logistic,28922,0.4621455992592778,0.5188665186373398,0.6796158730629918,0.5322723095547367,0.4915207117041979,0.4893203883495145,0.40098250518821016,0.5937379026387255,0.39171638995089786,0.008000760981300408,0.007053076925310193,0.004701756774403203,0.01903078531607082,0.01054422088880337,0.01502111499686001,0.01031582935871385,0.007946139908727085,0.011041635005824045
y2021_m02_w30_lag1y,2021,2,30,1,balanced_logistic,33134,0.4637608178227439,0.5246629997782436,0.6791809535677711,0.4760209953018834,0.5150433823344432,0.5601478603421294,0.5294097921847409,0.5665369213036315,0.2953357399798592,0.0075695248916329665,0.008085781990326805,0.00558975183495201,0.008413451296430372,0.00974627196615451,0.01992793895624835,0.008504633462235359,0.008888654679838532,0.009262592310238075
y2021_m02_w30_lag2y,2021,2,30,2,balanced_logistic,28599,0.4716945779009308,0.541135571948275,0.6867943218724173,0.5462612537972935,0.5253275791901775,0.5187326167382169,0.29350227792759886,0.5667270464414842,0.5548544093337092,0.0076555018360586055,0.007293719297329797,0.00481915895222255,0.018201751054816147,0.014054191961284795,0.008406795419026837,0.011541130224029195,0.011002006132905638,0.0064077591075740225
y2021_m03_w04_lag1y,2021,3,4,1,balanced_logistic,34105,0.42210197678844574,0.530692279452077,0.6681155639657035,0.21365353813298285,0.6367113718142454,0.611032531824611,0.2636207867687416,0.6838876977898172,0.3187974458067785,0.00445231890911263,0.006235203322119585,0.0041348568710378375,0.01443827411470727,0.008377506498206778,0.020325470810749532,0.015942673982394934,0.006904497228681685,0.008632458019295386
y2021_m03_w04_lag2y,2021,3,4,2,balanced_logistic,29881,0.417597192723061,0.572375334960622,0.6747065499973287,0.19639484978540772,0.6529555446995603,0.5303897001977445,0.21516318568965298,0.7183651105059772,0.3192632819735528,0.00940290289229842,0.00980230993310524,0.005934344447845828,0.017595519700883525,0.012284111456610293,0.021255883052917122,0.018053202116748827,0.009296859818241661,0.012165186269641278
y2021_m03_w08_lag1y,2021,3,8,1,balanced_logistic,33844,0.44219844766484095,0.5263822958575871,0.668360745982236,0.4697689306045937,0.5067902302334667,0.6107831220698038,0.5607416155699072,0.5277680886857938,0.23808563873882171,0.006741077231359073,0.006495622137361973,0.005884217697432447,0.006734768233971283,0.007630278317415385,0.027502366445875354,0.005624897919934148,0.008457284158833527,0.010622362165518063
y2021_m03_w08_lag2y,2021,3,8,2,balanced_logistic,29533,0.4425173571810472,0.5934554703039374,0.6955827747570865,0.38200224971878516,0.6553739369010567,0.35010526315789475,0.3054516130855124,0.7258021432390211,0.2962983152186079,0.011058858922178238,0.010816628296663468,0.009756824118573077,0.027970347516448293,0.016386069643470325,0.00876280226874416,0.019067806791185235,0.012158441988393756,0.007161703128792347
y2021_m03_w12_lag1y,2021,3,12,1,balanced_logistic,33318,0.44662771276358404,0.5336008759158726,0.6732089124249342,0.4786587113776054,0.5140142746291312,0.6128936757801713,0.5716981253970073,0.5285546354272312,0.23963037746651347,0.004634925375355195,0.00703914781464876,0.0043454078091080565,0.010189818925299878,0.01024836209107673,0.018565046616250944,0.009684749400408674,0.009317894619322696,0.00366964069550371
y2021_m03_w12_lag2y,2021,3,12,2,balanced_logistic,28953,0.4416213540607451,0.55119061027304,0.6698012354347985,0.44820668967908234,0.5948863568709024,0.36138705137914345,0.32581405455038964,0.6703043520681276,0.3287456555637181,0.0101184641866726,0.008356477881994256,0.009905004997043668,0.023299616557946722,0.00881726043393001,0.009056053157779995,0.015754081720084346,0.007084791774201384,0.00881253966938684
y2021_m03_w16_lag1y,2021,3,16,1,balanced_logistic,33366,0.4658831159341298,0.5379048837574162,0.6842523027701691,0.5163053544809632,0.49066434877933507,0.6018832391713748,0.5793282964409748,0.5395128102925193,0.27880824106889524,0.0041898337971664696,0.005390437182694255,0.006416823015057587,0.009563086423094828,0.010808209710705608,0.029734909303820976,0.005495747784156251,0.00766754925421588,0.009742646887926561
y2021_m03_w16_lag2y,2021,3,16,2,balanced_logistic,28923,0.4555521953082562,0.5335654414948126,0.6670739792850077,0.4812016438845707,0.5713147519692641,0.39556357185097574,0.3503623336996771,0.6387322379058894,0.3775620143192023,0.00309394899445219,0.004440300976139115,0.0032928349510000653,0.013265350881121433,0.007806946250425936,0.009437142842149238,0.007332340075686584,0.005524131898078949,0.008788337950072306
y2021_m03_w20_lag1y,2021,3,20,1,balanced_logistic,33622,0.46623291748230855,0.5152277847033936,0.6775239210309885,0.48029322276277153,0.4917442582247052,0.5957473444774042,0.526409176126572,0.5456114984531437,0.3266780778672098,0.00727990933161859,0.0077829826253934566,0.0074613151005029485,0.01639165062849312,0.004585654515640193,0.01521701023040893,0.013825059553009464,0.004236967909828168,0.006901367309520792
y2021_m03_w20_lag2y,2021,3,20,2,balanced_logistic,29043,0.47109931158981444,0.5467278792596225,0.6821770888944202,0.5022566995768688,0.5673889457549337,0.449395289624443,0.3443893434883374,0.639681367199662,0.429227224081444,0.0025535537203520537,0.004109145612043092,0.0020981544278151107,0.014728774048068254,0.008297367881937164,0.012610829252806453,0.008710504065048546,0.00658651954327245,0.012568706834117364
y2021_m03_w30_lag1y,2021,3,30,1,balanced_logistic,33278,0.43328934807134045,0.5027107285889457,0.6448775518968132,0.3420328444766631,0.5439138993828101,0.5073195524717672,0.3561491571872316,0.6138677630956687,0.32985112393112104,0.00514694571675637,0.004191301394500203,0.004757517296551726,0.00894306931136067,0.007133510498472602,0.017120394503154442,0.004806613236701625,0.0045756488804023195,0.008677249826621979
y2021_m04_w04_lag1y,2021,4,4,1,balanced_logistic,34083,0.4499359563666455,0.5609818796942034,0.6894482955811886,0.37703741462787815,0.6055258880891572,0.4939352234149922,0.3852131478072375,0.6795043661369091,0.28509035515578984,0.0016298215868352814,0.0011023984004472315,0.003915831994351078,0.00877512595905416,0.007500174276857729,0.013439445612951026,0.007241209893131048,0.002282766687853041,0.003740633500698035
y2021_m04_w04_lag2y,2021,4,4,2,balanced_logistic,29653,0.43803072659145953,0.6033796621156984,0.7023874364531929,0.3314614830813535,0.6643297626299679,0.38215627764613513,0.27791194127239127,0.7370305534087354,0.2991496850932519,0.006612593699463235,0.005459443858511776,0.005518430969145051,0.019177914679596966,0.008818074416327834,0.006963903101697947,0.013028382834464234,0.005723494027697807,0.005410736938380236
y2021_m04_w08_lag1y,2021,4,8,1,balanced_logistic,33921,0.44352794701339987,0.5372762154100577,0.6751496116684362,0.3609359621859622,0.5864307751620279,0.5396474157773593,0.3920887649234591,0.6517429893374349,0.28675208677930575,0.006389696554556047,0.006056013360622709,0.006205419815118438,0.009811692014474906,0.008192336550806362,0.016596662503188617,0.008286976704337382,0.0061460313585673465,0.008745249004646027
y2021_m04_w08_lag2y,2021,4,8,2,balanced_logistic,29372,0.42549179833392464,0.5517969163824663,0.6642193319626151,0.4358804987153272,0.6217568658475547,0.27887475797939504,0.3164865212716549,0.6878221646406303,0.2721667090894889,0.011618862190417014,0.010991585757265202,0.008086256689014554,0.012820042356062626,0.013136273074705341,0.017481507235988986,0.012246863797214373,0.011119588036612147,0.016700591476012494
y2021_m04_w12_lag1y,2021,4,12,1,balanced_logistic,33924,0.4689858114613229,0.5461245798005724,0.6829157416142643,0.42624148512306403,0.5738282957850378,0.4978902953586498,0.4096777844096593,0.6492489851996621,0.3480306647746473,0.005509863492056518,0.0051930798114357335,0.004481693251222301,0.018290168836207626,0.007107135022742263,0.01849755054509513,0.013110756824540847,0.004066447099347436,0.007922185674505328
y2021_m04_w12_lag2y,2021,4,12,2,balanced_logistic,29290,0.44803548461376597,0.5425307043104294,0.6636974256828838,0.435674373795761,0.5923369565217391,0.3812395886585497,0.3268495525202785,0.6589527952804934,0.3583041060405262,0.006703084076653467,0.006113696186726209,0.0075185459206098945,0.012561609479914335,0.0074799866878665815,0.01177231310232702,0.009971235397016595,0.005831590028272047,0.006528823129063292
y2021_m04_w16_lag1y,2021,4,16,1,balanced_logistic,33724,0.46624606251453987,0.5339779197162221,0.6707413235685248,0.39946308724832214,0.5700558484580027,0.48908322933917275,0.3688865857376338,0.6393506185460509,0.3905009832599351,0.005686909875810319,0.00485369342178861,0.0034634703883262646,0.01263992001703433,0.007170177991253739,0.015259107242789192,0.008646419998024778,0.0044581255146460795,0.009353786549383562
y2021_m04_w16_lag2y,2021,4,16,2,balanced_logistic,29086,0.47013239255261585,0.5521359284166476,0.6808605085904036,0.4689623187140565,0.5722362160649315,0.46320691949434467,0.3262310371156548,0.6476232328805,0.43654290766169257,0.00486253710944708,0.004370971736861595,0.008753135676977114,0.01591362764012927,0.007872951329768056,0.006872634202856511,0.007813489733424068,0.005118743353183628,0.005182962863374487
y2021_m04_w20_lag1y,2021,4,20,1,balanced_logistic,33787,0.4683294436209528,0.5470336524477616,0.6751000185790818,0.43363563733098803,0.5815155884205506,0.4560823699708513,0.3217541566891121,0.648229437504632,0.4350047366691142,0.006452650767359915,0.006088013952835011,0.005721239004486783,0.008943377804974813,0.012455487912392437,0.009668541157306686,0.011237163183232196,0.008030807630825658,0.006992296439070984
y2021_m04_w20_lag2y,2021,4,20,2,balanced_logistic,29109,0.47449060095668705,0.5545784857918783,0.6836076445234509,0.47363570215862233,0.5768133994014757,0.48063566593853235,0.30397534173272406,0.6380971997242407,0.4813992614130963,0.006132592255981114,0.004870621045904404,0.00940018698528116,0.02616111925714437,0.008696701532902276,0.0076012301093165355,0.013988224286909335,0.004881028341990227,0.006958231286334616
y2021_m04_w30_lag1y,2021,4,30,1,balanced_logistic,33585,0.42983259446980043,0.5465375971059867,0.6470345822904848,0.3629072334801565,0.6152882631713201,0.3585143481000346,0.2826506945518378,0.6756597205492937,0.3311873683082697,0.005599736845010614,0.005643546835246555,0.005807442220441592,0.009948841290811656,0.005605436388489489,0.014151192501803531,0.007328630422598846,0.006384260676521492,0.008654816545189348
y2021_m05_w04_lag1y,2021,5,4,1,balanced_logistic,34482,0.46196007065619754,0.5604575494493055,0.6940492470672945,0.41482082542097815,0.5937535695750403,0.45610828698583283,0.36195396118084794,0.6736601343424511,0.3502661164452937,0.008295210723113015,0.008023731381124454,0.0072697998156553015,0.008803023010134482,0.009832292205229473,0.02699192226880746,0.007371213538066708,0.008906369356177146,0.014700660701033721
y2021_m05_w04_lag2y,2021,5,4,2,balanced_logistic,29816,0.45687732054597613,0.5408575315703616,0.673437917309607,0.4363914373088685,0.5742783405617854,0.42424870466321246,0.3868189761656742,0.6494584455665084,0.33435453990574593,0.005761357468398576,0.0036970886808763612,0.005822405506899924,0.02080718977989308,0.008836521212296864,0.010858600536729332,0.008926246625350819,0.0050543710644045305,0.013406745569813448
y2021_m05_w08_lag1y,2021,5,8,1,balanced_logistic,34228,0.44869615606864716,0.5666081213155622,0.6811504373656013,0.40122476861205725,0.6329622327046134,0.3645662994442459,0.29933244930761005,0.6954597326531585,0.3512962862451727,0.008199573280214135,0.006875734289117565,0.004639673970396163,0.02957606045830727,0.009019845635487278,0.009855523266257207,0.01905454332364731,0.007292257852933596,0.0021100792388113253
y2021_m05_w08_lag2y,2021,5,8,2,balanced_logistic,29506,0.4490180278327327,0.5453556396232497,0.6724794208450622,0.3713387891499348,0.5926398136110267,0.43649247121346324,0.3069897494555585,0.6623304375870427,0.3777338964555971,0.008708031816415825,0.007307038476808802,0.005559189280432505,0.01279438294042367,0.006690585265704059,0.030666295113365064,0.011913500750965518,0.006152243481490976,0.020455524956951625
y2021_m05_w12_lag1y,2021,5,12,1,balanced_logistic,33972,0.45963093516079745,0.5429424565274243,0.6760832637644182,0.44991066021885046,0.5691903510866969,0.4387526600098216,0.31873420905715205,0.6446965635167603,0.41546203290848005,0.007866918088433872,0.007749728848137429,0.004364437534807216,0.015074376215772114,0.009151444473656848,0.015821907537641768,0.009491754629404948,0.0074941322200437685,0.010619324004818874
y2021_m05_w12_lag2y,2021,5,12,2,balanced_logistic,29244,0.4548735685176527,0.5341689383045825,0.6608809934997522,0.4008139432009202,0.5674457899183329,0.45548896299761277,0.31327515981931475,0.6370242130525756,0.4143213326810676,0.005165647831588019,0.005739603516043139,0.005106817684142657,0.015886494475011857,0.011220344586390601,0.016516561158838355,0.008737403175688116,0.008870247076298361,0.011305713195541241
y2021_m05_w16_lag1y,2021,5,16,1,balanced_logistic,33602,0.46240056387835465,0.5459786424892339,0.682100724955919,0.492259583407104,0.5800819953156143,0.4388602818863922,0.2811128583897421,0.6356421518177604,0.4704466814275614,0.0031626580133798468,0.002987066944281086,0.004295098284624007,0.022200748004256324,0.009400503751681229,0.005585866799694763,0.010160208788803098,0.006410866038139674,0.0013501875741162585
y2021_m05_w16_lag2y,2021,5,16,2,balanced_logistic,28931,0.4564481097297488,0.5497721961341766,0.667079166332999,0.40848734676727927,0.5854424936423206,0.4585639455149659,0.267687002621636,0.6461568790576373,0.455500447509973,0.010714816729587849,0.011174369873298074,0.009049591145971357,0.01673637721158431,0.014319664540642188,0.013132197289031419,0.011352870104001673,0.012500590513344439,0.01141622500173136
y2021_m05_w20_lag1y,2021,5,20,1,balanced_logistic,33780,0.4351538895801411,0.518776161751507,0.6626270221145376,0.5562203531427439,0.5885584200643149,0.35317437438816224,0.27040294620288813,0.6263572296760601,0.4087014928614754,0.007640761489615552,0.007985948140116914,0.008180291485553003,0.02123942453796476,0.009569442081624508,0.004858650042423641,0.010126175900473896,0.00977884428598018,0.005675050975737979
y2021_m05_w30_lag1y,2021,5,30,1,balanced_logistic,33829,0.44816383675920735,0.5300026249099931,0.658596364762564,0.41426998944112725,0.5619056010941833,0.43215825446898004,0.3110149900117422,0.6348437705524098,0.39863274971347,0.007199852716415107,0.007029457405109305,0.005478776730678176,0.01302878109252612,0.011989410205887025,0.013498917050176784,0.010713087446387722,0.008661693870960809,0.007836934271691461
y2021_m06_w04_lag1y,2021,6,4,1,balanced_logistic,34683,0.45099964408405324,0.5644316644379826,0.6764941585120807,0.3748284046443005,0.6276339285714286,0.4002796265974865,0.337025366263061,0.6926332495128588,0.3233403164762399,0.0056280349877194935,0.006857214520332799,0.005852245473677233,0.012251797245803636,0.011083887359241205,0.00414135129329716,0.008368370059383408,0.009182841998570033,0.007974988393597102
y2021_m06_w04_lag2y,2021,6,4,2,balanced_logistic,29874,0.43676717129057313,0.5416003528053644,0.659999000337727,0.32938099389712294,0.5930805836484406,0.4499500499500499,0.3058855244348827,0.6651859363607724,0.33923005307606435,0.007477441789651493,0.005587012163549289,0.007093921592398874,0.017419346111584535,0.0030379512637957523,0.011598741477482494,0.01435561777052277,0.0035638356075984663,0.009211180267517724
y2021_m06_w08_lag1y,2021,6,8,1,balanced_logistic,34043,0.45502876978444384,0.557564732545867,0.6828674870218296,0.4459430979978925,0.5973183062365424,0.4012387436180737,0.3201326707208288,0.6719581688579133,0.3729954697745895,0.006417754695798546,0.005890829540401145,0.0020238149102706636,0.012115728009951367,0.009030801739150177,0.015257139746269518,0.009046670474683148,0.005464368721061927,0.011111518463404425
y2021_m06_w08_lag2y,2021,6,8,2,balanced_logistic,29263,0.44137398589771937,0.5418259625865227,0.6583991314824145,0.3988529402676061,0.5880957009082154,0.40100004226446495,0.29159503178184054,0.6580364082685828,0.3744905176427348,0.00433555808764826,0.006151175532465669,0.004605422380065987,0.012110323273888252,0.008239260436511978,0.013557813080138969,0.006619302333514522,0.0066480423068247035,0.013381562114134736
y2021_m06_w12_lag1y,2021,6,12,1,balanced_logistic,33697,0.4536829651872081,0.5571890645592851,0.686063267970719,0.4826321635353894,0.601215362177929,0.40115383530196347,0.2715339639356495,0.6670188910080418,0.42249604061793294,0.0014023319626843957,0.0018171216087527003,0.0021989496079032173,0.020224257345450313,0.0053822846119537535,0.0043975722446670295,0.007898138780621927,0.0032275909695512425,0.0025843936092686108
y2021_m06_w12_lag2y,2021,6,12,2,balanced_logistic,28965,0.43399853313070424,0.5410978016333906,0.6674298999456888,0.4990621039290241,0.5929653576468582,0.35464286742044804,0.2601960306643368,0.6580998103969427,0.38369975833083336,0.004210921241867575,0.00484485350707499,0.0068232692804999955,0.03210011779582182,0.006990049192738216,0.01610963288008778,0.014316042044675134,0.004573677923735315,0.013167315479377105
y2021_m06_w16_lag1y,2021,6,16,1,balanced_logistic,33695,0.45721262654770695,0.5392755908859851,0.6766614713687202,0.4881743428510966,0.5790643404112403,0.41245346103755764,0.32044115843286625,0.6430477904149787,0.408148930795276,0.005040102935385731,0.0047429749140498415,0.002794283131134483,0.019636201219595993,0.006745111641843495,0.009660661721953769,0.010841442935987619,0.005787343651601054,0.005459012812663867
y2021_m06_w20_lag1y,2021,6,20,1,balanced_logistic,34008,0.4739273651603792,0.5526356581637917,0.685440638188745,0.4412195062510662,0.5830757661557946,0.46467543843641074,0.3633561447717898,0.6549002618631722,0.4035256888461759,0.003648464517363258,0.0034507204853897067,0.0070090644002757845,0.012944616381873972,0.0062052334633036135,0.013910390270675178,0.004462912547963218,0.0036789130126000887,0.008240878650557285
y2021_m06_w30_lag1y,2021,6,30,1,balanced_logistic,33898,0.5086339686964899,0.5587224417425954,0.7078492316390644,0.47089213943309105,0.5677870504080972,0.552395484261798,0.3918699008239769,0.6373780547202681,0.49665395054522454,0.005279567585282696,0.004102026561086833,0.00663631200776779,0.018091624796286312,0.002508366186546661,0.007293813044942111,0.010015470952345019,0.0027084404210836496,0.007157104548515543
y2021_m07_w04_lag1y,2021,7,4,1,balanced_logistic,34284,0.43813527370298627,0.5966284356489011,0.6997273540506302,0.4090689823169769,0.6580610345729272,0.33113903134094247,0.27944369435600064,0.7293344310224669,0.3056276957304912,0.0038157312305200377,0.003920752528552896,0.002930196837388644,0.019736721853810056,0.0074024093365126515,0.01864888292344796,0.010051594733153773,0.005708206954435219,0.01178589614258159
y2021_m07_w04_lag2y,2021,7,4,2,balanced_logistic,29467,0.42702761052061156,0.5850030569518363,0.684397051696502,0.33980722439321936,0.6316933709779694,0.37848352670049357,0.24883253459537924,0.7130160175723036,0.31923427939415183,0.008198156948988218,0.007034259513576962,0.004389808744658004,0.0038216338501277625,0.00812885823156055,0.015833512935760626,0.00545308644273134,0.006029559632099607,0.014845258679135871
y2021_m07_w08_lag1y,2021,7,8,1,balanced_logistic,33832,0.4380038994719899,0.5466675852195415,0.6724543738973652,0.4758189862680819,0.5950727358047865,0.3572951062715682,0.27650526482515153,0.6655330975936689,0.3719733359971493,0.005262012865867345,0.006854169842373246,0.0057938293565952224,0.015311652064785667,0.01090014809988704,0.004151315833169831,0.00666516602668204,0.008919108240623972,0.0049817563996515865
y2021_m07_w08_lag2y,2021,7,8,2,balanced_logistic,28969,0.4242015082626329,0.5428865087170467,0.6676744110935499,0.4473031501611251,0.5880373761965006,0.3387508731544286,0.2610876063814698,0.6662589986992113,0.34525791970721753,0.00796681191373439,0.006794065168753804,0.005620743552164128,0.00378064491431247,0.005056838098620531,0.021499463513006842,0.0056172578068498895,0.0036567317673454752,0.018250367056985902
y2021_m07_w12_lag1y,2021,7,12,1,balanced_logistic,33821,0.4748306722359377,0.5408428680291061,0.6879172382011985,0.4996051379171614,0.5618953603158934,0.446845719829457,0.3711688083992263,0.6343114841302322,0.4190117241783545,0.0057234746013453495,0.006558436490321614,0.004739587069033398,0.010888715241763523,0.010739551696703188,0.00432466352766844,0.010497140951358626,0.008698417577709264,0.0035790818984536817
y2021_m07_w16_lag1y,2021,7,16,1,balanced_logistic,33815,0.49461705080223545,0.5508048451863494,0.7018526259453381,0.4950714935351092,0.5635217768839424,0.49676064165246114,0.42777390481243893,0.6364757757085626,0.41960147188570457,0.0027633064860109855,0.002032671137949305,0.00246126545930082,0.008039031651051036,0.004613113054872704,0.010495611470570203,0.008882523636700675,0.0021987540723872883,0.006958943506686899
y2021_m07_w20_lag1y,2021,7,20,1,balanced_logistic,34147,0.49167333840785077,0.543143663932842,0.6898225369572047,0.5025197472711285,0.5506157579409034,0.4943823987821233,0.435764147852705,0.6238313858117734,0.41542448155907385,0.004958336334803673,0.004572466968825912,0.0051760486754046766,0.01378898916312063,0.0025384648569168116,0.013040885611216033,0.007904135849475667,0.0037548290307006294,0.0039212193314172965
y2021_m07_w30_lag1y,2021,7,30,1,balanced_logistic,33820,0.5088457714883657,0.547888085863639,0.7136166070715382,0.56719963735462,0.46445847237992244,0.6084909026043526,0.3761659689907721,0.5316153553675262,0.6187559901067988,0.00696285568745075,0.0059767241777122756,0.004589635620963087,0.03213280801918368,0.008340898781603164,0.009097745406104545,0.01738140723302094,0.007222083631691627,0.0071816583720956464
y2021_m08_w04_lag1y,2021,8,4,1,balanced_logistic,34170,0.45047545109031734,0.5682877310331382,0.6854210621617778,0.3420069118913661,0.6329711003945782,0.45225027442371024,0.3396034022855361,0.6974244757929258,0.31439847519249015,0.0044616888022848186,0.0033718700066970495,0.0022004547221807073,0.014098378596946464,0.004521042676261903,0.011381142345404905,0.010516239541115033,0.0029909212815326775,0.005579476317959638
y2021_m08_w04_lag2y,2021,8,4,2,balanced_logistic,29188,0.4150330564699042,0.5367867683681765,0.6663511168881378,0.5955574548907883,0.39613128038590456,0.535368139223561,0.20822348360935478,0.41226989921947554,0.6246057865808822,0.003953286440278215,0.0043028113868502004,0.004229568646630365,0.037753253687397056,0.003023118669941685,0.0038872699144056324,0.009028707896737475,0.005601246164470223,0.004603194782382134
y2021_m08_w08_lag1y,2021,8,8,1,balanced_logistic,34056,0.46132415996535725,0.5449660734912953,0.6748035994962043,0.4275568784460713,0.5974433188615533,0.40651534345606927,0.3968954874029824,0.6585972306985769,0.32847976179451244,0.002636162043188023,0.0022688520803989774,0.005387333555313917,0.011764463578136907,0.0046582749435186005,0.016819962332482143,0.011211651885843558,0.0027935850892161804,0.011060294766887597
y2021_m08_w12_lag1y,2021,8,12,1,balanced_logistic,34007,0.4763293933793686,0.5396786486988268,0.6844292874583973,0.4400366227406643,0.570399207694519,0.5115645830548281,0.43564789303139706,0.6315026395062356,0.3618376476004731,0.007746423539951506,0.007085066239456583,0.006683929577973533,0.009085310627243158,0.007851651446642627,0.017069966392717188,0.0101236260113556,0.0059751457992508784,0.009492870419790871
y2021_m08_w16_lag1y,2021,8,16,1,balanced_logistic,34027,0.46367730750993663,0.5119903864289277,0.6685003333486318,0.44583106643284226,0.526668000163909,0.5060440213326622,0.43383375441356337,0.590347237465278,0.36685093065096874,0.003227510055612188,0.003984757826576429,0.0029494670374301465,0.007665603452506585,0.0027996585584814954,0.009634296878610931,0.007957122586751856,0.003964634768603057,0.007925071291480349
y2021_m08_w20_lag1y,2021,8,20,1,balanced_logistic,34333,0.47566904048846226,0.525291542168618,0.6749782001920244,0.46200245820953373,0.5393035466348818,0.49718685042965394,0.42598313149104994,0.6081481013977225,0.39287588857661426,0.003730200602260822,0.004566936402792544,0.003894728752180413,0.004830180093123423,0.009056568019273787,0.010096659082101923,0.005261409840291992,0.006721484873845371,0.0065512013126060725
y2021_m08_w30_lag1y,2021,8,30,1,balanced_logistic,33780,0.4874332632096026,0.5379147173785499,0.6983105011572498,0.5184504492194172,0.49226538050175445,0.56490866663403,0.33084251557018557,0.5662928819353594,0.5651643921232626,0.004082102030365795,0.006105052263061578,0.004160307865981397,0.014547376781252976,0.0075376526773632034,0.006743965280452347,0.011333789662455785,0.006001595013101638,0.011160535036611515
y2021_m09_w04_lag1y,2021,9,4,1,balanced_logistic,34798,0.4785754500547794,0.5369242557066748,0.6873075570895978,0.4657098224305088,0.5620357603284476,0.5773453147837384,0.5388931585233012,0.5789358393303532,0.3178973523106838,0.003788873240656448,0.004972452909127405,0.005285509500860447,0.008492956277897064,0.008934790090498686,0.018885549834657418,0.007533207788185462,0.006255074999022857,0.007593060522395309
y2021_m09_w08_lag1y,2021,9,8,1,balanced_logistic,34540,0.46340328584187473,0.5014061680867469,0.6749674301729416,0.4499064306169028,0.5022487902077997,0.5690554078920467,0.47430493005862634,0.5531121964973853,0.36279273096961245,0.005089586359482935,0.0031612681213514238,0.002617598941054395,0.014672759705651578,0.007731988076890303,0.024448734425506703,0.008403440524874912,0.005774629875475316,0.010088817747609185
y2021_m09_w12_lag1y,2021,9,12,1,balanced_logistic,34381,0.456617333794093,0.5037827059493687,0.6618978770605644,0.40366832180180534,0.5378169273504542,0.5055759053338884,0.4076288556361665,0.5920320401275004,0.3701911056186121,0.007283553363672875,0.009319874410016225,0.005924648259915281,0.008828572577990825,0.015565842573486323,0.014761717890819159,0.011327333640543993,0.011500974001353824,0.010422602313002613
y2021_m09_w16_lag1y,2021,9,16,1,balanced_logistic,34210,0.5026088778234795,0.5354020103335905,0.6953527845469611,0.5140777509425108,0.5334543020139237,0.5212396069538927,0.4643211758210451,0.6016741619932546,0.4418312956561391,0.003979414579427195,0.004289328270156386,0.003201425936052805,0.017442383830075466,0.006371527176033975,0.014327445476561283,0.01088830685564185,0.004289672295288677,0.00827625360751926
y2021_m09_w20_lag1y,2021,9,20,1,balanced_logistic,34221,0.5089948018425442,0.555077122391338,0.7224135413463098,0.6143545072813366,0.3895965307620751,0.6633353401565322,0.39565329876897926,0.4577231127936603,0.6736079939649933,0.005020459428004725,0.004574778119327361,0.006288536405065397,0.01707354182835045,0.007164256651466361,0.010182872848536337,0.011244694815766473,0.004029852668388039,0.006732827763063616
y2021_m09_w30_lag1y,2021,9,30,1,balanced_logistic,34123,0.45995403468563234,0.5494566997063218,0.674634331472145,0.39027253289395364,0.5837136680278645,0.4677898845981967,0.2846868557192064,0.6525358064307942,0.44263944190689636,0.0017652589914456617,0.002599617548787492,0.0008309325530155773,0.005909948154636916,0.0052076587529855355,0.009182120926045057,0.00372066721202567,0.004511524104752478,0.00736421636779197
y2021_m10_w04_lag1y,2021,10,4,1,balanced_logistic,34936,0.45963005271002855,0.5811404702328249,0.6961205538661399,0.33381942341535775,0.6408863784488378,0.5060571428571429,0.3360049860374241,0.7084019621934194,0.3344832098992422,0.004335069810852083,0.0038672997456904524,0.005933913979101545,0.005323072095172398,0.004554476492121763,0.02201891580122022,0.004556280361017467,0.004430243170516239,0.010227291484416213
y2021_m10_w08_lag1y,2021,10,8,1,balanced_logistic,34670,0.4427865669361363,0.5845648428761481,0.6838686471654897,0.3742821130342794,0.6492071414112935,0.35886331805999827,0.3103448924215395,0.71658168992091,0.30143311846595944,0.004013210941706236,0.0016501612797438392,0.004902422465347004,0.013519657954831118,0.002521657065527223,0.017199770496918967,0.01033823473036334,0.0019130523419856273,0.011846779797005002
y2021_m10_w12_lag1y,2021,10,12,1,balanced_logistic,34463,0.48994587413010454,0.5370331776292651,0.6945296615567741,0.5300271157772165,0.5276429652755106,0.5005029059853294,0.41866904547646033,0.6130891004090783,0.43807947650477497,0.004829662808647806,0.0044104796768921345,0.003209871701303632,0.012561876324505452,0.0024844859241531063,0.007944708819152413,0.007494315431949089,0.004215518496933731,0.005389593654074189
y2021_m10_w16_lag1y,2021,10,16,1,balanced_logistic,34221,0.474686620538479,0.5775339138818711,0.7070909848237691,0.5561837757168745,0.3888802484438248,0.6584820635057941,0.28301826730479973,0.44421908906422003,0.6968225052464174,0.0062109792869039495,0.005684727318968913,0.007979640922927835,0.02235372419280405,0.00675804715264319,0.008669829464409499,0.00903177647581107,0.005027163992195569,0.006286763764438444
y2021_m10_w20_lag1y,2021,10,20,1,balanced_logistic,34490,0.4398466871655674,0.52288609464505,0.6672997622907817,0.5433015381971298,0.4929876240800236,0.49713138267355134,0.2385150611188683,0.5230826201468091,0.5579423802310247,0.006674388396959974,0.008886604024261092,0.004723610233256438,0.01634671639438303,0.006908599653274367,0.015196904717264122,0.006385841830872377,0.007888984949478936,0.01221986478761378
y2021_m10_w30_lag1y,2021,10,30,1,balanced_logistic,34321,0.44432614001089893,0.5547843237417307,0.6613725484732021,0.30824942408520123,0.6030665391044924,0.4928027095681625,0.2838839568342175,0.6759711162632551,0.373123346935224,0.0029731409067321403,0.003765048746884828,0.003499531938182785,0.00738226690329055,0.004527393208304276,0.010018763392209324,0.0063127993197730214,0.00510952097324873,0.004714057951926678
y2021_m11_w04_lag1y,2021,11,4,1,balanced_logistic,35513,0.4471121063246418,0.5774200266996956,0.6944589257169136,0.43905452035886816,0.6557242592860306,0.30702987804323234,0.3251488629568433,0.717601143327536,0.2985863126895461,0.006020630721263922,0.005249288962405254,0.005624391964605332,0.009749049226397808,0.008330854712921556,0.0168990514259096,0.0051918488855,0.005032804622070231,0.011238728529228949
y2021_m11_w08_lag1y,2021,11,8,1,balanced_logistic,35155,0.49665907809087084,0.5308817873799281,0.7043361246334069,0.5455586331606367,0.5013221974523733,0.538784401794426,0.42361607580069166,0.5892635681159719,0.47709759035594895,0.0056171199303317355,0.003830934701334458,0.004743725261724797,0.01705911213631555,0.007072392124889806,0.016896246299205983,0.013436686837030618,0.004703929719626141,0.008383917911223355
y2021_m11_w12_lag1y,2021,11,12,1,balanced_logistic,34441,0.44582144276021357,0.547474827245042,0.678125115588766,0.5634079795903905,0.4739095115602126,0.5383819843978693,0.23751545722264816,0.4842411615009845,0.615707709557008,0.009956647801627057,0.008863104072839799,0.01099928728953039,0.03847143587598595,0.007798032990383517,0.011066144883446151,0.014108577954659187,0.008559685335847805,0.01050231750818563
y2021_m11_w16_lag1y,2021,11,16,1,balanced_logistic,34271,0.42530601206145435,0.5203602189804777,0.6582183330163669,0.485061700355818,0.6134972371264077,0.3136821422389862,0.2618368057040995,0.6515489676829614,0.3625322627973023,0.004862095688708019,0.00514806043884042,0.0016810932725085915,0.0157204131935889,0.007425250032131775,0.008083039436592903,0.004108612864930457,0.004464938515076674,0.008601069094345128
y2021_m11_w20_lag1y,2021,11,20,1,balanced_logistic,34548,0.43761766985808126,0.5306373065714824,0.6539985010249534,0.2873980043749113,0.5975262543757294,0.4889563538153678,0.2945917852016785,0.6564770762331916,0.36178414813937393,0.0030268531466874525,0.0037276903828905956,0.0051808378811854915,0.016876954408242023,0.010296979367461406,0.01280561780722991,0.01338251983162066,0.006255090197662293,0.00814880350385226
y2021_m11_w30_lag1y,2021,11,30,1,balanced_logistic,34151,0.4994597719813941,0.5316168996989387,0.7011758112286074,0.5472780516746661,0.48166940225758753,0.6007026725075706,0.5430612682320687,0.5584002183783578,0.39691782933375563,0.006511099990205516,0.0037786993801671017,0.005815997558128475,0.007427756200234711,0.005012782778471432,0.02209630729731351,0.008362594903738127,0.003773279280347174,0.014306869209328643
y2021_m12_w04_lag1y,2021,12,4,1,balanced_logistic,35410,0.4687662614528305,0.5475144446558917,0.6900738958808198,0.5013158895252892,0.5692286692130075,0.4313951673264196,0.3625238272661123,0.6505698356179151,0.39320512147446385,0.00531056077935062,0.0043113205603732985,0.004835974005118717,0.014045136237224858,0.0029775931387119947,0.01596862909814755,0.00977038531747587,0.0036869187039868805,0.008417197653034966
y2021_m12_w08_lag1y,2021,12,8,1,balanced_logistic,34609,0.42141052811979673,0.4809699032717266,0.6503694907789492,0.5521896812976625,0.4786419936376557,0.42460165710643716,0.2641201392987499,0.5218621735742804,0.4782492714863597,0.005396342238138318,0.007004135640610084,0.003920154938846026,0.016180508484971892,0.011944859882583063,0.003854510417898929,0.005757553178557105,0.010357738494566775,0.00543879518591464
y2021_m12_w12_lag1y,2021,12,12,1,balanced_logistic,34371,0.4638116932986126,0.4853502509445833,0.6600005583230331,0.4929199417062858,0.4471219797162078,0.5316850690799347,0.47577018216064,0.5238764538302537,0.39178844390494416,0.005034231995960707,0.004907764472836709,0.005180400298772684,0.0130909738232812,0.007792040950244825,0.01938876461007195,0.008214727491317353,0.0064391701232019505,0.010482550020835178
y2021_m12_w16_lag1y,2021,12,16,1,balanced_logistic,34132,0.48803390631866145,0.5349309854429055,0.6918519828976382,0.6336482779640353,0.3820632269533587,0.6014590091945493,0.6391372524435935,0.45832600169809606,0.3666384648142947,0.0011085651811523019,0.0036829077030967215,0.0024502838984343826,0.012731849176595759,0.004829626200919527,0.02292664983653403,0.007473287802173665,0.0040438235475911116,0.006812867267305217
y2021_m12_w20_lag1y,2021,12,20,1,balanced_logistic,34394,0.4979268685105486,0.5524895862641764,0.7112479372282988,0.6187585698944306,0.4213773382195881,0.6316150190750285,0.6472766716986337,0.4779343456727923,0.3685695881602198,0.005083117202426514,0.0050791487537182696,0.005527556705340866,0.005204031106988267,0.00958853574272478,0.010442583358448877,0.006435491137267724,0.0059294190445931885,0.007174934715335442
y2021_m12_w30_lag1y,2021,12,30,1,balanced_logistic,34023,0.5087821233758827,0.5421624898454842,0.7173128603007107,0.6130501806456082,0.44514469453376204,0.5990487514863257,0.6160938528727233,0.5137021265617289,0.39655039069319614,0.005526310408594485,0.006571268497556272,0.002269312284552937,0.007260871150422663,0.013731823626819264,0.012678977657613659,0.005453078439217035,0.010440937880226861,0.008561126345525144
y2022_m01_w04_lag1y,2022,1,4,1,balanced_logistic,34458,0.4537198940831774,0.5696211990821547,0.68069275466252,0.5655197105559719,0.4917616404115243,0.46546603857898267,0.6425340346325202,0.514776182008448,0.203849465608564,0.00458124079939018,0.004794349846452181,0.007441107726298269,0.0037537495097574847,0.009696441685574406,0.02005944960147339,0.0034723051804615265,0.008527968865897047,0.008508089915409002
y2022_m01_w08_lag1y,2022,1,8,1,balanced_logistic,34294,0.49907695346905057,0.6594625973117253,0.7507988798057877,0.6811893878884061,0.5182199832073888,0.5775193798449612,0.7325748757413441,0.5815696109283603,0.18308637373744743,0.00733402707038246,0.005482293197150638,0.009219264091011408,0.007467660578720921,0.005542515756360808,0.05826859061384847,0.00506927406310009,0.0077535550989754915,0.016744569832687822
y2022_m01_w12_lag1y,2022,1,12,1,balanced_logistic,34123,0.48206558840973407,0.6487600404805911,0.7332916047275428,0.6669016633295534,0.4846449807109958,0.6023076923076923,0.7337326886680415,0.5156280220661821,0.1968360544949786,0.0026395385799962224,0.001173924908467662,0.005457434491389324,0.005705909897679382,0.0060141512122579305,0.02860152683473569,0.002194276111795168,0.003496462218308241,0.006847760171846837
y2022_m01_w16_lag1y,2022,1,16,1,balanced_logistic,34006,0.47483515464242576,0.6312410765472439,0.721791798525379,0.6614747305103226,0.44960186833754745,0.6091802144586648,0.7262989409661851,0.4755496530460787,0.22265686991501354,0.009782310287700912,0.008030162240003486,0.009437880873278088,0.013920177612777944,0.014595506091995563,0.04050643045640952,0.008570622755813457,0.011530045104265117,0.015087354853319941
y2022_m01_w20_lag1y,2022,1,20,1,balanced_logistic,34258,0.4752917968043386,0.6045159153832154,0.7126028997300793,0.6538329848628364,0.4324938978509424,0.5493396965762478,0.7090632065884848,0.47238837608298684,0.24442380774154432,0.004609662070560092,0.0048700118321169565,0.007651694462392364,0.00861580740676933,0.01087915877725288,0.025985709207057006,0.005140713055007652,0.007641099908690426,0.011598696422122738
y2022_m01_w30_lag1y,2022,1,30,1,balanced_logistic,33893,0.47522000716384094,0.5301642658461727,0.6909805900112478,0.5758143962733838,0.4469569227521492,0.5388777844263095,0.6019576273098826,0.5032050072942595,0.3204973868873805,0.0065807210136508065,0.008190042740887579,0.006315545460268809,0.006396753442039362,0.011833713930972345,0.018533459689495442,0.00703530848106705,0.01225541084977678,0.00831969256067677
y2022_m02_w04_lag1y,2022,2,4,1,balanced_logistic,34861,0.453685879025977,0.5915032891737051,0.703355555428494,0.4001996447859654,0.6523913298926255,0.36708936334816133,0.3332567983566121,0.7221178536554683,0.30568298506585057,0.004430921625264156,0.006106613002303171,0.004999038603074005,0.014258305194082771,0.009961201881697877,0.014138224477336373,0.010068488004354458,0.007975279154127718,0.00953030243463581
y2022_m02_w08_lag1y,2022,2,8,1,balanced_logistic,34495,0.4672925672546612,0.5601072920358333,0.6947598018123082,0.4565576649022801,0.5654295233498484,0.49529159843809045,0.4121686649792369,0.6599948703911453,0.32971416639360107,0.003496037880957174,0.003438210948522022,0.0033485620722679913,0.006449385926673478,0.003633732970669622,0.016289856549741324,0.007510150252230084,0.0033539032578370825,0.008140011868458209
y2022_m02_w12_lag1y,2022,2,12,1,balanced_logistic,34352,0.47522300500814385,0.5449862670526106,0.7008717317862925,0.49937369519832986,0.5295813953488372,0.5136761356826082,0.42202009134637686,0.6316854790489588,0.37196344462909586,0.005090223184669239,0.004147650253717527,0.004750046345134823,0.013245775770839375,0.005589625714667289,0.011209714969483704,0.009324581319446945,0.004444994929612062,0.007717770562415588
y2022_m02_w16_lag1y,2022,2,16,1,balanced_logistic,34206,0.4726843570769542,0.5302093387329688,0.6939928972709186,0.5281885988407727,0.5087883852651685,0.49291600124273033,0.41759182974942444,0.6097718064920514,0.3906894349893868,0.0066990942569101946,0.004988873214421522,0.0054832809344622655,0.014511407568794382,0.004151404558587909,0.015535046604435495,0.008763585695408775,0.00484735285230079,0.011332000459322646
y2022_m02_w20_lag1y,2022,2,20,1,balanced_logistic,34367,0.47469949077421436,0.5269150738483092,0.6935759094958736,0.5514211886304909,0.49949971170517726,0.49688535453943017,0.41303445881853557,0.5999363653017165,0.4111276482023909,0.004567998966633915,0.006220874378779348,0.005395227611742319,0.009599057168478904,0.011316238390588094,0.008374583522557526,0.005755594959079685,0.008963418064023093,0.0056311003551205606
y2022_m02_w30_lag1y,2022,2,30,1,balanced_logistic,33907,0.47052563731792824,0.5480486861655741,0.6954675260702031,0.5382792352156514,0.5235156044659284,0.5243617422362894,0.269521768698022,0.5751137586737627,0.5669413845819999,0.0036486672449995653,0.005010196643835685,0.004886776600362942,0.028456788736086515,0.0075476434054695726,0.008601667514860536,0.008419211407038843,0.006006566916273215,0.007255087848595226
y2022_m03_w04_lag1y,2022,3,4,1,balanced_logistic,34889,0.43185772075678575,0.5833691204054301,0.6909578649189966,0.22561863173216884,0.6608654073983224,0.5329456195522624,0.2436205441772624,0.7263598820062113,0.3255927360868836,0.005847121013255716,0.004924548912528706,0.004228230293599998,0.01057193525934058,0.00950690857062035,0.012515658380785425,0.008505955389555784,0.005863086870187923,0.011448083679540139
y2022_m03_w08_lag1y,2022,3,8,1,balanced_logistic,34608,0.444303086084879,0.5977256895315193,0.7047327353689414,0.35851474174240744,0.6623687261604484,0.36863765479382105,0.29556745583160465,0.7326712751819422,0.30467052724109,0.0033572792993483255,0.004134827737640756,0.005971837502142753,0.00947719991732215,0.006000687642527263,0.008310551116740159,0.004290048721427231,0.005208627747239063,0.005291507199008355
y2022_m03_w12_lag1y,2022,3,12,1,balanced_logistic,34381,0.44107814649003585,0.5516026840120062,0.6753103809262953,0.4594758064516129,0.6036159188232953,0.33653444676409183,0.3320567230984408,0.677432631761983,0.31374508460968376,0.010097591743443478,0.005917005444142584,0.005254576643642193,0.030868838303373076,0.003762755149822074,0.01378327388193773,0.018584311216978656,0.003187758497814682,0.01390851794293384
y2022_m03_w16_lag1y,2022,3,16,1,balanced_logistic,34238,0.4580724701514744,0.5319613250033736,0.6739353532017625,0.4751568708734821,0.5631247717843726,0.4148958408098954,0.34949408586074115,0.6341380759898347,0.3905852486038472,0.007959916862507651,0.007230121585451353,0.005654873009907195,0.010569559370528265,0.007808841898421797,0.01555375416120882,0.0065683366070485374,0.006648617786600067,0.013095417856779274
y2022_m03_w20_lag1y,2022,3,20,1,balanced_logistic,34355,0.4943349304220179,0.5703652382830666,0.7053365917067886,0.5071616932302787,0.5882841145682514,0.4898160131105442,0.3461683073485661,0.6585198081809296,0.47831667573655823,0.005288733037399725,0.004563531382323439,0.004692535437849038,0.008569376126950981,0.005360934660944059,0.01878120280437487,0.005134912752481529,0.003372080052882732,0.01058608990440219
y2022_m04_w04_lag1y,2022,4,4,1,balanced_logistic,35008,0.4539537109944308,0.6173449125120899,0.7244910991326194,0.3432273139925005,0.6916941486111747,0.38165951976763585,0.2993475498849136,0.7551982693178184,0.30731531378056054,0.004164699926399922,0.0036469208577516545,0.0030921397913636905,0.007360403165416865,0.007010552461545587,0.011945476443866256,0.008502085685750366,0.004119590280450228,0.0034123378384614865
y2022_m04_w08_lag1y,2022,4,8,1,balanced_logistic,34653,0.45211942466533195,0.5692899154229603,0.6857094060754388,0.38811969320086837,0.6349656718260139,0.382392776523702,0.32167490816576383,0.698807156092163,0.3358762097380691,0.007215041269033982,0.004517562180936984,0.004784611790928624,0.014315026964671794,0.005935652742629134,0.018441822387428634,0.007858678127354529,0.004197460683985588,0.014410166489761083
y2022_m04_w12_lag1y,2022,4,12,1,balanced_logistic,34410,0.4628323254547458,0.5574407884122323,0.6766440277433203,0.3844980569712082,0.6195507120940518,0.42909983839893623,0.3172866141372645,0.6765340829114711,0.3946762793155017,0.004976100806011788,0.004560200009188601,0.004867194548064217,0.010809713430257398,0.006476372446065939,0.013595318119276032,0.008015598808461878,0.0054374848684146555,0.007858396494660263
y2022_m04_w16_lag1y,2022,4,16,1,balanced_logistic,34160,0.4974691975419855,0.584129440164056,0.708477834822361,0.44536312849162013,0.6227769792111324,0.49395528731617483,0.3256073796777324,0.6831653482645235,0.48363486468370065,0.007866853032267659,0.0067517149314388816,0.008736112414933975,0.026799343277399034,0.010332351064293517,0.01626751589173427,0.01911332798842016,0.0072205184814414505,0.010201637346051841
y2022_m04_w20_lag1y,2022,4,20,1,balanced_logistic,34132,0.4999817228137882,0.5895566062461411,0.711204171766809,0.44583221709188897,0.6332994407727504,0.5017431192660551,0.2976198606727731,0.6792822263386835,0.5230430814299081,0.011443037465588102,0.008517052946732915,0.007512475439149078,0.030212877886540035,0.008977410943469927,0.012804657851279202,0.021301977352955748,0.0072513328770434995,0.00911915340212738
y2022_m05_w04_lag1y,2022,5,4,1,balanced_logistic,34972,0.47940392742025867,0.5635917911774924,0.6964919694183471,0.4122555410691004,0.6161747617940971,0.46725212456131715,0.38360454929987886,0.6780687970570709,0.37653843590382613,0.0038574196091603415,0.0020855178776797954,0.002765014117460549,0.012845716576537972,0.008263303857443545,0.01569745147980473,0.0077979016687859,0.003929315047841461,0.008669472222154808
y2022_m05_w08_lag1y,2022,5,8,1,balanced_logistic,34553,0.46794370703017174,0.5678274969713052,0.68970718077847,0.37021969080553296,0.63756455336132,0.43550295857988164,0.31970614963936295,0.6936368510609185,0.39048812039023384,0.005423933246883154,0.0042607110481921095,0.0035081627627124405,0.01642524754937864,0.004318789724486792,0.0056426719298108595,0.012202535360047003,0.003825627585694794,0.005663817043495745
y2022_m05_w12_lag1y,2022,5,12,1,balanced_logistic,34248,0.5082889560183445,0.5825117230255146,0.7161331820818981,0.46053130929791275,0.6133016891302021,0.5151202892674765,0.35607869472745346,0.6769010171169206,0.49188715621065915,0.00412211848486796,0.004202113311775091,0.005415403067730506,0.013627274466238888,0.004028752712817229,0.008306493167968705,0.010381403983511266,0.004895299009162763,0.006886734080808677
y2022_m05_w16_lag1y,2022,5,16,1,balanced_logistic,33874,0.4988560043044279,0.591912507856841,0.7143092500620861,0.45147686701398193,0.6325744308231174,0.49771842304847774,0.29768880809007936,0.6848679582526674,0.514011246570537,0.005180398897249496,0.004073172376064262,0.004638593155461087,0.010622891141709674,0.009950425154105541,0.014920859572687203,0.008628275480156003,0.003621226973577145,0.009681223091106802
y2022_m06_w04_lag1y,2022,6,4,1,balanced_logistic,34820,0.48150105400748355,0.5773207099753617,0.7054106128328369,0.41437125748502995,0.6263995765520269,0.4657686230043668,0.36683915905407394,0.6928222911989492,0.38484171176942744,0.0069644733035505715,0.005507957606107376,0.006055212415169758,0.018400085412158516,0.005564404697554978,0.011599923327402773,0.01596231649647375,0.004064435574829192,0.005773338034873962
y2022_m06_w08_lag1y,2022,6,8,1,balanced_logistic,34297,0.4815861235122427,0.579444302737583,0.7026995650397396,0.4354900357798847,0.6343956334145873,0.4361085857709613,0.3231190400336182,0.6951679428106545,0.42647138769245546,0.004359565201937357,0.004242961685609011,0.004663537945759152,0.007413282840969942,0.007202182699187321,0.008881920399049614,0.008121404191439613,0.004753957587410572,0.007998114420302458
y2022_m06_w12_lag1y,2022,6,12,1,balanced_logistic,33910,0.46025789977926584,0.5663693297571399,0.6934340152670625,0.5280312907431551,0.6443041049307748,0.3495378904249872,0.2898524213904984,0.691920277985544,0.3990009999617552,0.0026496252807394426,0.0011963068318561433,0.003543260223030665,0.007520069708653394,0.007454155977028365,0.011988752646860511,0.005880514492977964,0.0032170358384766783,0.006651976571967259
y2022_m07_w04_lag1y,2022,7,4,1,balanced_logistic,34491,0.4497439335690361,0.6067973790124548,0.7122369758150778,0.36383207750269103,0.6709177244133921,0.37518765482300903,0.2790708526881834,0.7406212471405145,0.32953970087841056,0.0061044098350627385,0.005215155142111511,0.0031974517893817046,0.017239631192730857,0.010358381707984516,0.012538505414524939,0.007771919600924683,0.00616286593215826,0.011400677310264694
y2022_m07_w08_lag1y,2022,7,8,1,balanced_logistic,33973,0.4408875494815289,0.5631014176888186,0.6896986108618266,0.46766729874718405,0.6413508488712676,0.3096025250093618,0.2858052898584796,0.7012277894063423,0.33562956917976494,0.004365664002975969,0.0037631056893929963,0.0039031435025618424,0.005044966098197951,0.006574982624893842,0.009393284525211366,0.005511085592987151,0.0034607946286948498,0.006049542126619152
y2022_m08_w04_lag1y,2022,8,4,1,balanced_logistic,33950,0.4190481825456227,0.5351847319637764,0.670017351786492,0.6147579850289032,0.40303927579843873,0.5312189501175242,0.2273398469265573,0.4087989191292013,0.6210057815811096,0.002800514110271901,0.004621948855152048,0.002916131432680552,0.01741262719435908,0.004546875464356381,0.0086062136090229,0.008906558641861684,0.0039783910766837335,0.0071715527268602555
