spec_id,base_year,start_month,window_weeks,lag_years,outcome_3,n,share
y2021_m01_w04_lag1y,2021,1,4,1,Growth,22849,0.7165616081788817
y2021_m01_w04_lag1y,2021,1,4,1,Stable,7860,0.24649543701194845
y2021_m01_w04_lag1y,2021,1,4,1,Decline,1178,0.036942954809169884
y2021_m01_w08_lag1y,2021,1,8,1,Growth,20120,0.6302665789556119
y2021_m01_w08_lag1y,2021,1,8,1,Stable,8193,0.2566488112019547
y2021_m01_w08_lag1y,2021,1,8,1,Decline,3610,0.11308460984243336
y2021_m01_w12_lag1y,2021,1,12,1,Growth,21067,0.6550887776361205
y2021_m01_w12_lag1y,2021,1,12,1,Stable,8507,0.2645293696943313
y2021_m01_w12_lag1y,2021,1,12,1,Decline,2585,0.08038185266954818
y2021_m01_w16_lag1y,2021,1,16,1,Growth,22916,0.7115665269368111
y2021_m01_w16_lag1y,2021,1,16,1,Stable,7952,0.24691818040676913
y2021_m01_w16_lag1y,2021,1,16,1,Decline,1337,0.04151529265641981
y2021_m01_w20_lag1y,2021,1,20,1,Growth,24157,0.7382043759931549
y2021_m01_w20_lag1y,2021,1,20,1,Stable,7518,0.22973964063072974
y2021_m01_w20_lag1y,2021,1,20,1,Decline,1049,0.03205598337611539
y2021_m01_w30_lag1y,2021,1,30,1,Growth,22934,0.6972304137658468
y2021_m01_w30_lag1y,2021,1,30,1,Stable,8579,0.2608153710515915
y2021_m01_w30_lag1y,2021,1,30,1,Decline,1380,0.04195421518256164
y2021_m01_w04_lag2y,2021,1,4,2,Growth,16379,0.5853196583640067
y2021_m01_w04_lag2y,2021,1,4,2,Stable,9764,0.34892613372404674
y2021_m01_w04_lag2y,2021,1,4,2,Decline,1840,0.06575420791194654
y2021_m01_w08_lag2y,2021,1,8,2,Growth,17011,0.606150228050171
y2021_m01_w08_lag2y,2021,1,8,2,Stable,10044,0.3578962371721779
y2021_m01_w08_lag2y,2021,1,8,2,Decline,1009,0.035953534777651085
y2021_m01_w12_lag2y,2021,1,12,2,Growth,18646,0.6609244293208564
y2021_m01_w12_lag2y,2021,1,12,2,Stable,8534,0.3024953920317595
y2021_m01_w12_lag2y,2021,1,12,2,Decline,1032,0.03658017864738409
y2021_m01_w16_lag2y,2021,1,16,2,Growth,18662,0.6617026557458426
y2021_m01_w16_lag2y,2021,1,16,2,Stable,8419,0.2985143424458391
y2021_m01_w16_lag2y,2021,1,16,2,Decline,1122,0.039783001808318265
y2021_m01_w20_lag2y,2021,1,20,2,Growth,17531,0.6141315771036222
y2021_m01_w20_lag2y,2021,1,20,2,Stable,9358,0.3278217613676172
y2021_m01_w20_lag2y,2021,1,20,2,Decline,1657,0.0580466615287606
y2021_m01_w30_lag2y,2021,1,30,2,Growth,13019,0.4570154807456033
y2021_m01_w30_lag2y,2021,1,30,2,Stable,12692,0.445536560536385
y2021_m01_w30_lag2y,2021,1,30,2,Decline,2776,0.09744795871801172
y2021_m02_w04_lag1y,2021,2,4,1,Growth,6774,0.2054158959274646
y2021_m02_w04_lag1y,2021,2,4,1,Stable,21136,0.6409315583588562
y2021_m02_w04_lag1y,2021,2,4,1,Decline,5067,0.15365254571367923
y2021_m02_w08_lag1y,2021,2,8,1,Growth,10551,0.3165426617064683
y2021_m02_w08_lag1y,2021,2,8,1,Stable,19365,0.5809732389295572
y2021_m02_w08_lag1y,2021,2,8,1,Decline,3416,0.10248409936397455
y2021_m02_w12_lag1y,2021,2,12,1,Growth,16808,0.5099359849519128
y2021_m02_w12_lag1y,2021,2,12,1,Stable,14148,0.4292345499226358
y2021_m02_w12_lag1y,2021,2,12,1,Decline,2005,0.06082946512545129
y2021_m02_w16_lag1y,2021,2,16,1,Growth,18446,0.5583774784319661
y2021_m02_w16_lag1y,2021,2,16,1,Stable,12758,0.3861964583018011
y2021_m02_w16_lag1y,2021,2,16,1,Decline,1831,0.05542606326623278
y2021_m02_w20_lag1y,2021,2,20,1,Growth,17615,0.5288360503167312
y2021_m02_w20_lag1y,2021,2,20,1,Stable,13575,0.40754750968206793
y2021_m02_w20_lag1y,2021,2,20,1,Decline,2119,0.06361644000120088
y2021_m02_w30_lag1y,2021,2,30,1,Growth,14054,0.424156455604515
y2021_m02_w30_lag1y,2021,2,30,1,Stable,15888,0.4795074545783787
y2021_m02_w30_lag1y,2021,2,30,1,Decline,3192,0.0963360898171063
y2021_m02_w04_lag2y,2021,2,4,2,Growth,4775,0.16470628815839397
y2021_m02_w04_lag2y,2021,2,4,2,Stable,19715,0.6800386326791074
y2021_m02_w04_lag2y,2021,2,4,2,Decline,4501,0.1552550791624987
y2021_m02_w08_lag2y,2021,2,8,2,Growth,6405,0.2193267814950519
y2021_m02_w08_lag2y,2021,2,8,2,Stable,18894,0.6469883231174879
y2021_m02_w08_lag2y,2021,2,8,2,Decline,3904,0.1336848953874602
y2021_m02_w12_lag2y,2021,2,12,2,Growth,5970,0.2074573444069917
y2021_m02_w12_lag2y,2021,2,12,2,Stable,18231,0.6335267748549188
y2021_m02_w12_lag2y,2021,2,12,2,Decline,4576,0.15901588073808945
y2021_m02_w16_lag2y,2021,2,16,2,Growth,5293,0.18402753633266114
y2021_m02_w16_lag2y,2021,2,16,2,Stable,17879,0.6216188025867464
y2021_m02_w16_lag2y,2021,2,16,2,Decline,5590,0.19435366108059246
y2021_m02_w20_lag2y,2021,2,20,2,Growth,4757,0.1644768688195837
y2021_m02_w20_lag2y,2021,2,20,2,Stable,17985,0.6218449623124265
y2021_m02_w20_lag2y,2021,2,20,2,Decline,6180,0.21367816886798977
y2021_m02_w30_lag2y,2021,2,30,2,Growth,2129,0.07444316234833386
y2021_m02_w30_lag2y,2021,2,30,2,Stable,13818,0.48316374698416026
y2021_m02_w30_lag2y,2021,2,30,2,Decline,12652,0.4423930906675059
y2021_m03_w04_lag1y,2021,3,4,1,Growth,9361,0.2744758833015687
y2021_m03_w04_lag1y,2021,3,4,1,Stable,21209,0.6218736255680986
y2021_m03_w04_lag1y,2021,3,4,1,Decline,3535,0.1036504911303328
y2021_m03_w08_lag1y,2021,3,8,1,Growth,18011,0.5321770476303037
y2021_m03_w08_lag1y,2021,3,8,1,Stable,13621,0.40246424772485523
y2021_m03_w08_lag1y,2021,3,8,1,Decline,2212,0.06535870464484103
y2021_m03_w12_lag1y,2021,3,12,1,Growth,18134,0.5442703643676091
y2021_m03_w12_lag1y,2021,3,12,1,Stable,13058,0.39192028333033196
y2021_m03_w12_lag1y,2021,3,12,1,Decline,2126,0.06380935230205895
y2021_m03_w16_lag1y,2021,3,16,1,Growth,16037,0.48063897380567044
y2021_m03_w16_lag1y,2021,3,16,1,Stable,14674,0.4397890067733621
y2021_m03_w16_lag1y,2021,3,16,1,Decline,2655,0.07957201942096745
y2021_m03_w20_lag1y,2021,3,20,1,Growth,14081,0.41880316459461064
y2021_m03_w20_lag1y,2021,3,20,1,Stable,16110,0.4791505561834513
y2021_m03_w20_lag1y,2021,3,20,1,Decline,3431,0.10204627922193801
y2021_m03_w30_lag1y,2021,3,30,1,Growth,9081,0.27288298575635556
y2021_m03_w30_lag1y,2021,3,30,1,Stable,19413,0.5833583749023379
y2021_m03_w30_lag1y,2021,3,30,1,Decline,4784,0.14375863934130656
y2021_m03_w04_lag2y,2021,3,4,2,Growth,5825,0.19493992838258425
y2021_m03_w04_lag2y,2021,3,4,2,Stable,20470,0.6850507011144206
y2021_m03_w04_lag2y,2021,3,4,2,Decline,3586,0.12000937050299522
y2021_m03_w08_lag2y,2021,3,8,2,Growth,4445,0.1505095994311448
y2021_m03_w08_lag2y,2021,3,8,2,Stable,20338,0.6886533708055396
y2021_m03_w08_lag2y,2021,3,8,2,Decline,4750,0.16083702976331563
y2021_m03_w12_lag2y,2021,3,12,2,Growth,4074,0.14071080717024143
y2021_m03_w12_lag2y,2021,3,12,2,Stable,18891,0.6524712465029531
y2021_m03_w12_lag2y,2021,3,12,2,Decline,5988,0.2068179463268055
y2021_m03_w16_lag2y,2021,3,16,2,Growth,4096,0.1416173979186115
y2021_m03_w16_lag2y,2021,3,16,2,Stable,17703,0.6120734363655222
y2021_m03_w16_lag2y,2021,3,16,2,Decline,7124,0.24630916571586625
y2021_m03_w20_lag2y,2021,3,20,2,Growth,3544,0.12202596150535414
y2021_m03_w20_lag2y,2021,3,20,2,Stable,17644,0.6075129979685294
y2021_m03_w20_lag2y,2021,3,20,2,Decline,7855,0.27046104052611647
y2021_m04_w04_lag1y,2021,4,4,1,Growth,9084,0.2665258339934865
y2021_m04_w04_lag1y,2021,4,4,1,Stable,21535,0.6318399201948185
y2021_m04_w04_lag1y,2021,4,4,1,Decline,3464,0.10163424581169497
y2021_m04_w08_lag1y,2021,4,8,1,Growth,10398,0.3065357742991067
y2021_m04_w08_lag1y,2021,4,8,1,Stable,20282,0.5979186934347455
y2021_m04_w08_lag1y,2021,4,8,1,Decline,3241,0.09554553226614781
y2021_m04_w12_lag1y,2021,4,12,1,Growth,8643,0.2547753802617616
y2021_m04_w12_lag1y,2021,4,12,1,Stable,20541,0.6055005305978068
y2021_m04_w12_lag1y,2021,4,12,1,Decline,4740,0.13972408914043155
y2021_m04_w16_lag1y,2021,4,16,1,Growth,7450,0.2209109239710592
y2021_m04_w16_lag1y,2021,4,16,1,Stable,20091,0.5957478353694698
y2021_m04_w16_lag1y,2021,4,16,1,Decline,6183,0.183341240659471
y2021_m04_w20_lag1y,2021,4,20,1,Growth,4792,0.14182969781276822
y2021_m04_w20_lag1y,2021,4,20,1,Stable,20297,0.6007340101222364
y2021_m04_w20_lag1y,2021,4,20,1,Decline,8698,0.2574362920649954
y2021_m04_w30_lag1y,2021,4,30,1,Growth,4734,0.1409557838320679
y2021_m04_w30_lag1y,2021,4,30,1,Stable,21663,0.645020098258151
y2021_m04_w30_lag1y,2021,4,30,1,Decline,7188,0.21402411790978115
y2021_m04_w04_lag2y,2021,4,4,2,Growth,4634,0.15627423869422993
y2021_m04_w04_lag2y,2021,4,4,2,Stable,20827,0.7023572657066739
y2021_m04_w04_lag2y,2021,4,4,2,Decline,4192,0.1413684955990962
y2021_m04_w08_lag2y,2021,4,8,2,Growth,4538,0.15450088519678606
y2021_m04_w08_lag2y,2021,4,8,2,Stable,19276,0.6562712787688956
y2021_m04_w08_lag2y,2021,4,8,2,Decline,5558,0.1892278360343184
y2021_m04_w12_lag2y,2021,4,12,2,Growth,4322,0.14755889382041654
y2021_m04_w12_lag2y,2021,4,12,2,Stable,18400,0.6282007511095937
y2021_m04_w12_lag2y,2021,4,12,2,Decline,6568,0.22424035506998977
y2021_m04_w16_lag2y,2021,4,16,2,Growth,3706,0.12741525132366086
y2021_m04_w16_lag2y,2021,4,16,2,Stable,17865,0.6142130234477068
y2021_m04_w16_lag2y,2021,4,16,2,Decline,7515,0.25837172522863233
y2021_m04_w20_lag2y,2021,4,20,2,Growth,2941,0.10103404445360542
y2021_m04_w20_lag2y,2021,4,20,2,Stable,16924,0.5814009412896355
y2021_m04_w20_lag2y,2021,4,20,2,Decline,9244,0.3175650142567591
y2021_m05_w04_lag1y,2021,5,4,1,Growth,6991,0.20274346035612784
y2021_m05_w04_lag1y,2021,5,4,1,Stable,22159,0.6426251377530305
y2021_m05_w04_lag1y,2021,5,4,1,Decline,5332,0.1546314018908416
y2021_m05_w08_lag1y,2021,5,8,1,Growth,5097,0.1489131705036812
y2021_m05_w08_lag1y,2021,5,8,1,Stable,22183,0.6480951267967746
y2021_m05_w08_lag1y,2021,5,8,1,Decline,6948,0.20299170269954422
y2021_m05_w12_lag1y,2021,5,12,1,Growth,4841,0.14249970563993877
y2021_m05_w12_lag1y,2021,5,12,1,Stable,20935,0.6162427881785
y2021_m05_w12_lag1y,2021,5,12,1,Decline,8196,0.24125750618156128
y2021_m05_w16_lag1y,2021,5,16,1,Growth,3232,0.09618475090768407
y2021_m05_w16_lag1y,2021,5,16,1,Stable,19068,0.5674662222486757
y2021_m05_w16_lag1y,2021,5,16,1,Decline,11302,0.33634902684364026
y2021_m05_w20_lag1y,2021,5,20,1,Growth,2659,0.07871521610420366
y2021_m05_w20_lag1y,2021,5,20,1,Stable,18773,0.5557430432208408
y2021_m05_w20_lag1y,2021,5,20,1,Decline,12348,0.3655417406749556
y2021_m05_w30_lag1y,2021,5,30,1,Growth,5173,0.15291613704218274
y2021_m05_w30_lag1y,2021,5,30,1,Stable,20733,0.6128765260575246
y2021_m05_w30_lag1y,2021,5,30,1,Decline,7923,0.23420733690029266
y2021_m05_w04_lag2y,2021,5,4,2,Growth,6540,0.2193453179500939
y2021_m05_w04_lag2y,2021,5,4,2,Stable,18451,0.6188288167426885
y2021_m05_w04_lag2y,2021,5,4,2,Decline,4825,0.1618258653072176
y2021_m05_w08_lag2y,2021,5,8,2,Growth,5192,0.17596421066901646
y2021_m05_w08_lag2y,2021,5,8,2,Stable,18669,0.6327187690639192
y2021_m05_w08_lag2y,2021,5,8,2,Decline,5645,0.19131702026706432
y2021_m05_w12_lag2y,2021,5,12,2,Growth,4446,0.15203118588428396
y2021_m05_w12_lag2y,2021,5,12,2,Stable,17755,0.6071330871289837
y2021_m05_w12_lag2y,2021,5,12,2,Decline,7043,0.24083572698673233
y2021_m05_w16_lag2y,2021,5,16,2,Growth,2967,0.10255435346168469
y2021_m05_w16_lag2y,2021,5,16,2,Stable,17228,0.5954858110677128
y2021_m05_w16_lag2y,2021,5,16,2,Decline,8736,0.30195983547060246
y2021_m06_w04_lag1y,2021,6,4,1,Growth,6547,0.1887668310123115
y2021_m06_w04_lag1y,2021,6,4,1,Stable,22400,0.6458495516535478
y2021_m06_w04_lag1y,2021,6,4,1,Decline,5736,0.16538361733414064
y2021_m06_w08_lag1y,2021,6,8,1,Growth,4745,0.13938254560408894
y2021_m06_w08_lag1y,2021,6,8,1,Stable,21856,0.6420115735980966
y2021_m06_w08_lag1y,2021,6,8,1,Decline,7442,0.21860588079781454
y2021_m06_w12_lag1y,2021,6,12,1,Growth,3253,0.09653678368994273
y2021_m06_w12_lag1y,2021,6,12,1,Stable,20570,0.6104400985250913
y2021_m06_w12_lag1y,2021,6,12,1,Decline,9874,0.29302311778496604
y2021_m06_w16_lag1y,2021,6,16,1,Growth,3636,0.10790918533907108
y2021_m06_w16_lag1y,2021,6,16,1,Stable,20167,0.598516100311619
y2021_m06_w16_lag1y,2021,6,16,1,Decline,9892,0.29357471434931
y2021_m06_w20_lag1y,2021,6,20,1,Growth,5546,0.16307927546459658
y2021_m06_w20_lag1y,2021,6,20,1,Stable,21059,0.619236650199953
y2021_m06_w20_lag1y,2021,6,20,1,Decline,7403,0.21768407433545048
y2021_m06_w30_lag1y,2021,6,30,1,Growth,6528,0.19257773319959878
y2021_m06_w30_lag1y,2021,6,30,1,Stable,19812,0.5844592601333412
y2021_m06_w30_lag1y,2021,6,30,1,Decline,7558,0.22296300666706
y2021_m06_w04_lag2y,2021,6,4,2,Growth,5735,0.1919729530695588
y2021_m06_w04_lag2y,2021,6,4,2,Stable,19134,0.6404900582446275
y2021_m06_w04_lag2y,2021,6,4,2,Decline,5005,0.16753698868581376
y2021_m06_w08_lag2y,2021,6,8,2,Growth,4024,0.13751153333561153
y2021_m06_w08_lag2y,2021,6,8,2,Stable,18446,0.6303523220449031
y2021_m06_w08_lag2y,2021,6,8,2,Decline,6793,0.23213614461948537
y2021_m06_w12_lag2y,2021,6,12,2,Growth,2627,0.09069566718453306
y2021_m06_w12_lag2y,2021,6,12,2,Stable,17797,0.6144312100811324
y2021_m06_w12_lag2y,2021,6,12,2,Decline,8541,0.2948731227343345
y2021_m07_w04_lag1y,2021,7,4,1,Growth,3816,0.11130556527826391
y2021_m07_w04_lag1y,2021,7,4,1,Stable,23782,0.6936763504841909
y2021_m07_w04_lag1y,2021,7,4,1,Decline,6686,0.19501808423754521
y2021_m07_w08_lag1y,2021,7,8,1,Growth,3619,0.10696973279735161
y2021_m07_w08_lag1y,2021,7,8,1,Stable,21310,0.629877039489241
y2021_m07_w08_lag1y,2021,7,8,1,Decline,8903,0.26315322771340743
y2021_m07_w12_lag1y,2021,7,12,1,Growth,5048,0.14925637917270335
y2021_m07_w12_lag1y,2021,7,12,1,Stable,20260,0.5990361018302238
y2021_m07_w12_lag1y,2021,7,12,1,Decline,8513,0.25170751899707283
y2021_m07_w16_lag1y,2021,7,16,1,Growth,7304,0.21599881709300606
y2021_m07_w16_lag1y,2021,7,16,1,Stable,20182,0.596835723791217
y2021_m07_w16_lag1y,2021,7,16,1,Decline,6329,0.18716545911577703
y2021_m07_w20_lag1y,2021,7,20,1,Growth,8141,0.23841040208510264
y2021_m07_w20_lag1y,2021,7,20,1,Stable,20132,0.5895686297478548
y2021_m07_w20_lag1y,2021,7,20,1,Decline,5874,0.1720209681670425
y2021_m07_w30_lag1y,2021,7,30,1,Growth,4316,0.1276167947959787
y2021_m07_w30_lag1y,2021,7,30,1,Stable,15489,0.45798344175044353
y2021_m07_w30_lag1y,2021,7,30,1,Decline,14015,0.41439976345357776
y2021_m07_w04_lag2y,2021,7,4,2,Growth,3861,0.13102792954830828
y2021_m07_w04_lag2y,2021,7,4,2,Stable,20578,0.6983405165099942
y2021_m07_w04_lag2y,2021,7,4,2,Decline,5028,0.1706315539416975
y2021_m07_w08_lag2y,2021,7,8,2,Growth,3264,0.11267216679899203
y2021_m07_w08_lag2y,2021,7,8,2,Stable,18691,0.6452069453553799
y2021_m07_w08_lag2y,2021,7,8,2,Decline,7014,0.24212088784562807
y2021_m08_w04_lag1y,2021,8,4,1,Growth,7456,0.21820310213637695
y2021_m08_w04_lag1y,2021,8,4,1,Stable,22159,0.648492829967808
y2021_m08_w04_lag1y,2021,8,4,1,Decline,4555,0.13330406789581503
y2021_m08_w08_lag1y,2021,8,8,1,Growth,7737,0.227184637068358
y2021_m08_w08_lag1y,2021,8,8,1,Stable,20730,0.6087033121916843
y2021_m08_w08_lag1y,2021,8,8,1,Decline,5589,0.16411205073995772
y2021_m08_w12_lag1y,2021,8,12,1,Growth,9931,0.2920281118593231
y2021_m08_w12_lag1y,2021,8,12,1,Stable,19709,0.5795571499985297
y2021_m08_w12_lag1y,2021,8,12,1,Decline,4367,0.1284147381421472
y2021_m08_w16_lag1y,2021,8,16,1,Growth,10421,0.30625679607370615
y2021_m08_w16_lag1y,2021,8,16,1,Stable,18974,0.557616010814941
y2021_m08_w16_lag1y,2021,8,16,1,Decline,4632,0.13612719311135274
y2021_m08_w20_lag1y,2021,8,20,1,Growth,9106,0.26522587597937847
y2021_m08_w20_lag1y,2021,8,20,1,Stable,19718,0.5743162554976262
y2021_m08_w20_lag1y,2021,8,20,1,Decline,5509,0.16045786852299537
y2021_m08_w30_lag1y,2021,8,30,1,Growth,4012,0.1187685020722321
y2021_m08_w30_lag1y,2021,8,30,1,Stable,17389,0.5147720544701007
y2021_m08_w30_lag1y,2021,8,30,1,Decline,12379,0.36645944345766723
y2021_m08_w04_lag2y,2021,8,4,2,Growth,1622,0.05557078251336166
y2021_m08_w04_lag2y,2021,8,4,2,Stable,8891,0.30461148417157735
y2021_m08_w04_lag2y,2021,8,4,2,Decline,18675,0.639817733315061
y2021_m09_w04_lag1y,2021,9,4,1,Growth,15733,0.4521236852692683
y2021_m09_w04_lag1y,2021,9,4,1,Stable,15878,0.45629059141329964
y2021_m09_w04_lag1y,2021,9,4,1,Decline,3187,0.09158572331743203
y2021_m09_w08_lag1y,2021,9,8,1,Growth,12956,0.3751013317892299
y2021_m09_w08_lag1y,2021,9,8,1,Stable,17565,0.5085408222350898
y2021_m09_w08_lag1y,2021,9,8,1,Decline,4019,0.11635784597568037
y2021_m09_w12_lag1y,2021,9,12,1,Growth,10412,0.3028416858148396
y2021_m09_w12_lag1y,2021,9,12,1,Stable,18947,0.5510892644193014
y2021_m09_w12_lag1y,2021,9,12,1,Decline,5022,0.14606904976585905
y2021_m09_w16_lag1y,2021,9,16,1,Growth,8808,0.25746857643963755
y2021_m09_w16_lag1y,2021,9,16,1,Stable,18787,0.5491669102601578
y2021_m09_w16_lag1y,2021,9,16,1,Decline,6615,0.19336451330020463
y2021_m09_w20_lag1y,2021,9,20,1,Growth,4097,0.11972180824639841
y2021_m09_w20_lag1y,2021,9,20,1,Stable,13514,0.3949037140936852
y2021_m09_w20_lag1y,2021,9,20,1,Decline,16610,0.4853744776599164
y2021_m09_w30_lag1y,2021,9,30,1,Growth,4584,0.13433754359229844
y2021_m09_w30_lag1y,2021,9,30,1,Stable,20815,0.6099991208275943
y2021_m09_w30_lag1y,2021,9,30,1,Decline,8724,0.25566333558010723
y2021_m10_w04_lag1y,2021,10,4,1,Growth,7546,0.21599496221662468
y2021_m10_w04_lag1y,2021,10,4,1,Stable,23015,0.6587760476299519
y2021_m10_w04_lag1y,2021,10,4,1,Decline,4375,0.1252289901534234
y2021_m10_w08_lag1y,2021,10,8,1,Growth,5771,0.1664551485434093
y2021_m10_w08_lag1y,2021,10,8,1,Stable,23521,0.6784251514277473
y2021_m10_w08_lag1y,2021,10,8,1,Decline,5378,0.15511970002884337
y2021_m10_w12_lag1y,2021,10,12,1,Growth,6311,0.1831239300118968
y2021_m10_w12_lag1y,2021,10,12,1,Stable,20186,0.5857296230740214
y2021_m10_w12_lag1y,2021,10,12,1,Decline,7966,0.23114644691408176
y2021_m10_w16_lag1y,2021,10,16,1,Growth,2652,0.07749627421758569
y2021_m10_w16_lag1y,2021,10,16,1,Stable,11816,0.3452850588819731
y2021_m10_w16_lag1y,2021,10,16,1,Decline,19753,0.5772186669004412
y2021_m10_w20_lag1y,2021,10,20,1,Growth,2159,0.06259785445056538
y2021_m10_w20_lag1y,2021,10,20,1,Stable,14901,0.4320382719628878
y2021_m10_w20_lag1y,2021,10,20,1,Decline,17430,0.5053638735865468
y2021_m10_w30_lag1y,2021,10,30,1,Growth,6047,0.17618950496780397
y2021_m10_w30_lag1y,2021,10,30,1,Stable,22369,0.6517583986480581
y2021_m10_w30_lag1y,2021,10,30,1,Decline,5905,0.172052096384138
y2021_m11_w04_lag1y,2021,11,4,1,Growth,5177,0.14577760256807365
y2021_m11_w04_lag1y,2021,11,4,1,Stable,23304,0.6562104018246839
y2021_m11_w04_lag1y,2021,11,4,1,Decline,7032,0.19801199560724242
y2021_m11_w08_lag1y,2021,11,8,1,Growth,5904,0.1679419712700896
y2021_m11_w08_lag1y,2021,11,8,1,Stable,19672,0.5595790072535912
y2021_m11_w08_lag1y,2021,11,8,1,Decline,9579,0.27247902147631914
y2021_m11_w12_lag1y,2021,11,12,1,Growth,2057,0.05972532737144682
y2021_m11_w12_lag1y,2021,11,12,1,Stable,11958,0.34720246218170203
y2021_m11_w12_lag1y,2021,11,12,1,Decline,20426,0.5930722104468511
y2021_m11_w16_lag1y,2021,11,16,1,Growth,3146,0.09179772985906451
y2021_m11_w16_lag1y,2021,11,16,1,Stable,19811,0.5780689212453678
y2021_m11_w16_lag1y,2021,11,16,1,Decline,11314,0.33013334889556767
y2021_m11_w20_lag1y,2021,11,20,1,Growth,7147,0.20687159893481533
y2021_m11_w20_lag1y,2021,11,20,1,Stable,21425,0.6201516730346185
y2021_m11_w20_lag1y,2021,11,20,1,Decline,5976,0.17297672803056616
y2021_m11_w30_lag1y,2021,11,30,1,Growth,12067,0.35334250827208574
y2021_m11_w30_lag1y,2021,11,30,1,Stable,17566,0.5143626833767679
y2021_m11_w30_lag1y,2021,11,30,1,Decline,4518,0.13229480835114638
y2021_m12_w04_lag1y,2021,12,4,1,Growth,4933,0.1393109291160689
y2021_m12_w04_lag1y,2021,12,4,1,Stable,21819,0.6161818695283818
y2021_m12_w04_lag1y,2021,12,4,1,Decline,8658,0.2445072013555493
y2021_m12_w08_lag1y,2021,12,8,1,Growth,2836,0.0819440030049987
y2021_m12_w08_lag1y,2021,12,8,1,Stable,16083,0.46470571238695135
y2021_m12_w08_lag1y,2021,12,8,1,Decline,15690,0.45335028460804994
y2021_m12_w12_lag1y,2021,12,12,1,Growth,11016,0.32050274941084056
y2021_m12_w12_lag1y,2021,12,12,1,Stable,17342,0.5045532571062814
y2021_m12_w12_lag1y,2021,12,12,1,Decline,6013,0.174943993482878
y2021_m12_w16_lag1y,2021,12,16,1,Growth,16405,0.4806340091409821
y2021_m12_w16_lag1y,2021,12,16,1,Stable,13893,0.40703738427282316
y2021_m12_w16_lag1y,2021,12,16,1,Decline,3834,0.11232860658619477
y2021_m12_w20_lag1y,2021,12,20,1,Growth,17304,0.503111007733907
y2021_m12_w20_lag1y,2021,12,20,1,Stable,13743,0.39957550735593417
y2021_m12_w20_lag1y,2021,12,20,1,Decline,3347,0.09731348491015875
y2021_m12_w30_lag1y,2021,12,30,1,Growth,14268,0.4193633718366987
y2021_m12_w30_lag1y,2021,12,30,1,Stable,15550,0.4570437645122417
y2021_m12_w30_lag1y,2021,12,30,1,Decline,4205,0.12359286365105958
y2022_m01_w04_lag1y,2022,1,4,1,Growth,20429,0.5928666782750015
y2022_m01_w04_lag1y,2022,1,4,1,Stable,11713,0.3399210633234662
y2022_m01_w04_lag1y,2022,1,4,1,Decline,2316,0.0672122584015323
y2022_m01_w08_lag1y,2022,1,8,1,Growth,21094,0.6150930191870299
y2022_m01_w08_lag1y,2022,1,8,1,Stable,11910,0.34729107132442993
y2022_m01_w08_lag1y,2022,1,8,1,Decline,1290,0.03761590948854027
y2022_m01_w12_lag1y,2022,1,12,1,Growth,22729,0.6660903203118131
y2022_m01_w12_lag1y,2022,1,12,1,Stable,10094,0.2958122087741406
y2022_m01_w12_lag1y,2022,1,12,1,Decline,1300,0.03809747091404624
y2022_m01_w16_lag1y,2022,1,16,1,Growth,22601,0.66461800858672
y2022_m01_w16_lag1y,2022,1,16,1,Stable,9931,0.2920366994059872
y2022_m01_w16_lag1y,2022,1,16,1,Decline,1474,0.043345292007292834
y2022_m01_w20_lag1y,2022,1,20,1,Growth,21117,0.616410765368673
y2022_m01_w20_lag1y,2022,1,20,1,Stable,11073,0.3232237725494775
y2022_m01_w20_lag1y,2022,1,20,1,Decline,2068,0.060365462081849494
y2022_m01_w30_lag1y,2022,1,30,1,Growth,15604,0.46039005104298825
y2022_m01_w30_lag1y,2022,1,30,1,Stable,14856,0.43832059717345767
y2022_m01_w30_lag1y,2022,1,30,1,Decline,3433,0.10128935178355412
y2022_m02_w04_lag1y,2022,2,4,1,Growth,5872,0.16844037749921115
y2022_m02_w04_lag1y,2022,2,4,1,Stable,23538,0.6751957775164223
y2022_m02_w04_lag1y,2022,2,4,1,Decline,5451,0.15636384498436648
y2022_m02_w08_lag1y,2022,2,8,1,Growth,7677,0.222553993332367
y2022_m02_w08_lag1y,2022,2,8,1,Stable,22146,0.6420060878388172
y2022_m02_w08_lag1y,2022,2,8,1,Decline,4672,0.13543991882881576
y2022_m02_w12_lag1y,2022,2,12,1,Growth,7185,0.2091581276199348
y2022_m02_w12_lag1y,2022,2,12,1,Stable,21500,0.625873311597578
y2022_m02_w12_lag1y,2022,2,12,1,Decline,5667,0.1649685607824872
y2022_m02_w16_lag1y,2022,2,16,1,Growth,6439,0.18824182891890312
y2022_m02_w16_lag1y,2022,2,16,1,Stable,20993,0.6137227387008127
y2022_m02_w16_lag1y,2022,2,16,1,Decline,6774,0.19803543238028415
y2022_m02_w20_lag1y,2022,2,20,1,Growth,5805,0.16891203771059446
y2022_m02_w20_lag1y,2022,2,20,1,Stable,21017,0.611545959787005
y2022_m02_w20_lag1y,2022,2,20,1,Decline,7545,0.21954200250240055
y2022_m02_w30_lag1y,2022,2,30,1,Growth,2599,0.07665083905978116
y2022_m02_w30_lag1y,2022,2,30,1,Stable,16202,0.4778364349544342
y2022_m02_w30_lag1y,2022,2,30,1,Decline,15106,0.4455127259857846
y2022_m03_w04_lag1y,2022,3,4,1,Growth,6870,0.196910200922927
y2022_m03_w04_lag1y,2022,3,4,1,Stable,23846,0.6834818997391728
y2022_m03_w04_lag1y,2022,3,4,1,Decline,4173,0.1196078993379002
y2022_m03_w08_lag1y,2022,3,8,1,Growth,5202,0.15031206657420249
y2022_m03_w08_lag1y,2022,3,8,1,Stable,23807,0.6879045307443366
y2022_m03_w08_lag1y,2022,3,8,1,Decline,5599,0.16178340268146094
y2022_m03_w12_lag1y,2022,3,12,1,Growth,4960,0.14426572816381142
y2022_m03_w12_lag1y,2022,3,12,1,Stable,22236,0.6467525668246997
y2022_m03_w12_lag1y,2022,3,12,1,Decline,7185,0.2089817050114889
y2022_m03_w16_lag1y,2022,3,16,1,Growth,4971,0.14518955546468837
y2022_m03_w16_lag1y,2022,3,16,1,Stable,20713,0.6049710847596238
y2022_m03_w16_lag1y,2022,3,16,1,Decline,8554,0.24983935977568783
y2022_m03_w20_lag1y,2022,3,20,1,Growth,4259,0.12397030999854461
y2022_m03_w20_lag1y,2022,3,20,1,Stable,20672,0.6017173628292825
y2022_m03_w20_lag1y,2022,3,20,1,Decline,9424,0.2743123271721729
y2022_m04_w04_lag1y,2022,4,4,1,Growth,5626,0.16070612431444242
y2022_m04_w04_lag1y,2022,4,4,1,Stable,24333,0.6950696983546618
y2022_m04_w04_lag1y,2022,4,4,1,Decline,5049,0.1442241773308958
y2022_m04_w08_lag1y,2022,4,8,1,Growth,5506,0.15888956223126424
y2022_m04_w08_lag1y,2022,4,8,1,Stable,22502,0.6493521484431363
y2022_m04_w08_lag1y,2022,4,8,1,Decline,6645,0.19175828932559952
y2022_m04_w12_lag1y,2022,4,12,1,Growth,5238,0.15222319093286835
y2022_m04_w12_lag1y,2022,4,12,1,Stable,21309,0.6192676547515257
y2022_m04_w12_lag1y,2022,4,12,1,Decline,7863,0.22850915431560592
y2022_m04_w16_lag1y,2022,4,16,1,Growth,4475,0.13100117096018735
y2022_m04_w16_lag1y,2022,4,16,1,Stable,20749,0.6074063231850118
y2022_m04_w16_lag1y,2022,4,16,1,Decline,8936,0.2615925058548009
y2022_m04_w20_lag1y,2022,4,20,1,Growth,3562,0.10435954529473808
y2022_m04_w20_lag1y,2022,4,20,1,Stable,19670,0.5762920426579163
y2022_m04_w20_lag1y,2022,4,20,1,Decline,10900,0.3193484120473456
y2022_m05_w04_lag1y,2022,5,4,1,Growth,7670,0.21931831179229097
y2022_m05_w04_lag1y,2022,5,4,1,Stable,21515,0.6152064508749857
y2022_m05_w04_lag1y,2022,5,4,1,Decline,5787,0.16547523733272332
y2022_m05_w08_lag1y,2022,5,8,1,Growth,6145,0.1778427343501288
y2022_m05_w08_lag1y,2022,5,8,1,Stable,21648,0.626515787341186
y2022_m05_w08_lag1y,2022,5,8,1,Decline,6760,0.1956414783086852
y2022_m05_w12_lag1y,2022,5,12,1,Growth,5270,0.1538775986918944
y2022_m05_w12_lag1y,2022,5,12,1,Stable,20644,0.6027797243634665
y2022_m05_w12_lag1y,2022,5,12,1,Decline,8334,0.2433426769446391
y2022_m05_w16_lag1y,2022,5,16,1,Growth,3586,0.1058629037019543
y2022_m05_w16_lag1y,2022,5,16,1,Stable,19985,0.5899805160299935
y2022_m05_w16_lag1y,2022,5,16,1,Decline,10303,0.3041565802680522
y2022_m06_w04_lag1y,2022,6,4,1,Growth,6680,0.19184376794945435
y2022_m06_w04_lag1y,2022,6,4,1,Stable,22152,0.6361860999425617
y2022_m06_w04_lag1y,2022,6,4,1,Decline,5988,0.17197013210798393
y2022_m06_w08_lag1y,2022,6,8,1,Growth,4852,0.14147009942560573
y2022_m06_w08_lag1y,2022,6,8,1,Stable,21392,0.6237280228591422
y2022_m06_w08_lag1y,2022,6,8,1,Decline,8053,0.23480187771525207
y2022_m06_w12_lag1y,2022,6,12,1,Growth,3246,0.09572397522854616
y2022_m06_w12_lag1y,2022,6,12,1,Stable,20585,0.6070480684163964
y2022_m06_w12_lag1y,2022,6,12,1,Decline,10079,0.2972279563550575
y2022_m07_w04_lag1y,2022,7,4,1,Growth,4645,0.13467281319764576
y2022_m07_w04_lag1y,2022,7,4,1,Stable,23833,0.6909918529471456
y2022_m07_w04_lag1y,2022,7,4,1,Decline,6013,0.1743353338552086
y2022_m07_w08_lag1y,2022,7,8,1,Growth,3928,0.11562122862272982
y2022_m07_w08_lag1y,2022,7,8,1,Stable,21673,0.6379477820622259
y2022_m07_w08_lag1y,2022,7,8,1,Decline,8372,0.2464309893150443
y2022_m08_w04_lag1y,2022,8,4,1,Growth,1939,0.05711340206185567
y2022_m08_w04_lag1y,2022,8,4,1,Stable,10133,0.2984683357879234
y2022_m08_w04_lag1y,2022,8,4,1,Decline,21878,0.6444182621502209
